2026-04-02 22:34:05  Experiment: 3300 total runs
2026-04-02 22:34:05    Already completed: 0 (including 0 migrated)
2026-04-02 22:34:05    Remaining: 3300
2026-04-02 22:34:05    Workers: 30, Timeouts: {20: 7200, 30: 14400, 40: 28800}
2026-04-02 22:43:35  [1/3300] n=50 β=20 seed=22 DONE  adv=0.3621  win_rate=100%  ETA=21 days, 17:59:33
2026-04-02 22:43:41  [2/3300] n=50 β=20 seed=6 DONE  adv=0.4489  win_rate=100%  ETA=10 days, 23:56:49
2026-04-02 22:43:47  [3/3300] n=50 β=20 seed=1 DONE  adv=0.2114  win_rate=100%  ETA=7 days, 9:41:24
2026-04-02 22:43:54  [4/3300] n=50 β=20 seed=30 DONE  adv=0.3594  win_rate=100%  ETA=5 days, 14:43:45
2026-04-02 22:44:00  [5/3300] n=50 β=20 seed=8 DONE  adv=0.1419  win_rate=100%  ETA=4 days, 12:55:00
2026-04-02 22:44:08  [6/3300] n=50 β=20 seed=7 DONE  adv=0.1333  win_rate=100%  ETA=3 days, 19:54:23
2026-04-02 22:44:08  [7/3300] n=50 β=20 seed=27 DONE  adv=0.1261  win_rate=100%  ETA=3 days, 6:46:51
2026-04-02 22:44:10  [8/3300] n=50 β=20 seed=13 DONE  adv=0.5784  win_rate=100%  ETA=2 days, 21:05:36
2026-04-02 22:44:10  [9/3300] n=50 β=20 seed=14 DONE  adv=0.1711  win_rate=100%  ETA=2 days, 13:24:42
2026-04-02 22:44:11  [10/3300] n=50 β=20 seed=28 DONE  adv=0.1763  win_rate=100%  ETA=2 days, 7:21:21
2026-04-02 22:44:12  [11/3300] n=50 β=20 seed=20 DONE  adv=0.3770  win_rate=100%  ETA=2 days, 2:24:02
2026-04-02 22:44:15  [12/3300] n=50 β=20 seed=25 DONE  adv=0.2388  win_rate=100%  ETA=1 day, 22:26:18
2026-04-02 22:44:17  [13/3300] n=50 β=20 seed=21 DONE  adv=0.3366  win_rate=100%  ETA=1 day, 18:59:56
2026-04-02 22:44:21  [14/3300] n=50 β=20 seed=16 DONE  adv=0.3267  win_rate=100%  ETA=1 day, 16:08:08
2026-04-02 22:44:21  [15/3300] n=50 β=20 seed=5 DONE  adv=0.3127  win_rate=100%  ETA=1 day, 13:29:44
2026-04-02 22:44:22  [16/3300] n=50 β=20 seed=24 DONE  adv=0.3020  win_rate=100%  ETA=1 day, 11:08:50
2026-04-02 22:44:24  [17/3300] n=50 β=20 seed=4 DONE  adv=0.3227  win_rate=100%  ETA=1 day, 9:12:01
2026-04-02 22:44:25  [18/3300] n=50 β=20 seed=12 DONE  adv=0.1764  win_rate=100%  ETA=1 day, 7:22:51
2026-04-02 22:44:25  [19/3300] n=50 β=20 seed=10 DONE  adv=0.2191  win_rate=100%  ETA=1 day, 5:44:55
2026-04-02 22:44:26  [20/3300] n=50 β=20 seed=9 DONE  adv=0.4135  win_rate=100%  ETA=1 day, 4:16:24
2026-04-02 22:44:28  [21/3300] n=50 β=20 seed=23 DONE  adv=0.2106  win_rate=100%  ETA=1 day, 3:02:21
2026-04-02 22:44:29  [22/3300] n=50 β=20 seed=11 DONE  adv=0.3583  win_rate=100%  ETA=1 day, 1:49:10
2026-04-02 22:44:31  [23/3300] n=50 β=20 seed=17 DONE  adv=0.4560  win_rate=100%  ETA=1 day, 0:47:04
2026-04-02 22:44:36  [24/3300] n=50 β=20 seed=18 DONE  adv=0.2999  win_rate=100%  ETA=23:54:27
2026-04-02 22:44:36  [25/3300] n=50 β=20 seed=19 DONE  adv=0.0782  win_rate=100%  ETA=22:57:38
2026-04-02 22:44:39  [26/3300] n=50 β=20 seed=29 DONE  adv=0.5379  win_rate=100%  ETA=22:09:41
2026-04-02 22:44:44  [27/3300] n=50 β=20 seed=26 DONE  adv=0.2813  win_rate=100%  ETA=21:31:50
2026-04-02 22:44:48  [28/3300] n=50 β=20 seed=3 DONE  adv=0.2826  win_rate=100%  ETA=20:53:06
2026-04-02 22:44:51  [29/3300] n=50 β=20 seed=15 DONE  adv=0.5097  win_rate=100%  ETA=20:13:42
2026-04-02 22:44:52  [30/3300] n=50 β=20 seed=2 DONE  adv=0.1751  win_rate=100%  ETA=19:34:25
2026-04-02 22:53:47  [31/3300] n=50 β=20 seed=31 DONE  adv=0.2196  win_rate=100%  ETA=1 day, 10:36:47
2026-04-02 22:53:53  [32/3300] n=50 β=20 seed=37 DONE  adv=0.1989  win_rate=100%  ETA=1 day, 9:42:09
2026-04-02 22:54:05  [33/3300] n=50 β=20 seed=40 DONE  adv=0.4017  win_rate=100%  ETA=1 day, 9:00:01
2026-04-02 22:54:11  [34/3300] n=50 β=20 seed=33 DONE  adv=0.4249  win_rate=100%  ETA=1 day, 8:11:14
2026-04-02 22:54:14  [35/3300] n=50 β=20 seed=41 DONE  adv=0.4045  win_rate=100%  ETA=1 day, 7:19:03
2026-04-02 22:54:17  [36/3300] n=50 β=20 seed=34 DONE  adv=0.0998  win_rate=100%  ETA=1 day, 6:31:41
2026-04-02 22:54:20  [37/3300] n=50 β=20 seed=49 DONE  adv=0.3332  win_rate=100%  ETA=1 day, 5:45:56
2026-04-02 22:54:21  [38/3300] n=50 β=20 seed=36 DONE  adv=0.0154  win_rate=100%  ETA=1 day, 5:00:10
2026-04-02 22:54:23  [39/3300] n=50 β=20 seed=32 DONE  adv=0.3803  win_rate=100%  ETA=1 day, 4:16:53
2026-04-02 22:54:26  [40/3300] n=50 β=20 seed=53 DONE  adv=0.1136  win_rate=100%  ETA=1 day, 3:38:30
2026-04-02 22:54:27  [41/3300] n=50 β=20 seed=43 DONE  adv=0.0909  win_rate=100%  ETA=1 day, 2:58:08
2026-04-02 22:54:29  [42/3300] n=50 β=20 seed=46 DONE  adv=0.5317  win_rate=100%  ETA=1 day, 2:21:49
2026-04-02 22:54:32  [43/3300] n=50 β=20 seed=54 DONE  adv=0.6376  win_rate=100%  ETA=1 day, 1:48:16
2026-04-02 22:54:33  [44/3300] n=50 β=20 seed=38 DONE  adv=0.4431  win_rate=100%  ETA=1 day, 1:14:57
2026-04-02 22:54:35  [45/3300] n=50 β=20 seed=51 DONE  adv=0.4140  win_rate=100%  ETA=1 day, 0:42:18
2026-04-02 22:54:37  [46/3300] n=50 β=20 seed=42 DONE  adv=0.2218  win_rate=100%  ETA=1 day, 0:11:50
2026-04-02 22:54:37  [47/3300] n=50 β=20 seed=48 DONE  adv=0.4116  win_rate=100%  ETA=23:41:04
2026-04-02 22:54:39  [48/3300] n=50 β=20 seed=50 DONE  adv=0.4059  win_rate=100%  ETA=23:13:47
2026-04-02 22:54:43  [49/3300] n=50 β=20 seed=35 DONE  adv=0.1586  win_rate=100%  ETA=22:48:47
2026-04-02 22:54:45  [50/3300] n=50 β=20 seed=44 DONE  adv=0.2214  win_rate=100%  ETA=22:23:05
2026-04-02 22:54:48  [51/3300] n=50 β=20 seed=52 DONE  adv=0.3332  win_rate=100%  ETA=21:59:24
2026-04-02 22:54:49  [52/3300] n=50 β=20 seed=39 DONE  adv=0.3055  win_rate=100%  ETA=21:34:39
2026-04-02 22:54:49  [53/3300] n=50 β=20 seed=55 DONE  adv=0.4040  win_rate=100%  ETA=21:09:54
2026-04-02 22:54:51  [54/3300] n=50 β=20 seed=45 DONE  adv=0.3296  win_rate=100%  ETA=20:48:23
2026-04-02 22:54:57  [55/3300] n=50 β=20 seed=58 DONE  adv=0.2601  win_rate=100%  ETA=20:31:32
2026-04-02 22:55:07  [56/3300] n=50 β=20 seed=47 DONE  adv=0.3967  win_rate=100%  ETA=20:18:33
2026-04-02 22:55:09  [57/3300] n=50 β=20 seed=60 DONE  adv=0.1375  win_rate=100%  ETA=19:58:21
2026-04-02 22:55:19  [58/3300] n=50 β=20 seed=56 DONE  adv=0.2774  win_rate=100%  ETA=19:47:00
2026-04-02 22:55:22  [59/3300] n=50 β=20 seed=57 DONE  adv=0.3107  win_rate=100%  ETA=19:29:05
2026-04-02 22:55:29  [60/3300] n=50 β=20 seed=59 DONE  adv=0.3342  win_rate=100%  ETA=19:15:40
2026-04-02 23:03:54  [61/3300] n=50 β=20 seed=61 DONE  adv=0.3267  win_rate=100%  ETA=1 day, 2:23:14
2026-04-02 23:04:08  [62/3300] n=50 β=20 seed=62 DONE  adv=0.4129  win_rate=100%  ETA=1 day, 2:09:32
2026-04-02 23:04:23  [63/3300] n=50 β=20 seed=65 DONE  adv=0.2486  win_rate=100%  ETA=1 day, 1:56:25
2026-04-02 23:04:25  [64/3300] n=50 β=20 seed=64 DONE  adv=0.2213  win_rate=100%  ETA=1 day, 1:33:41
2026-04-02 23:04:27  [65/3300] n=50 β=20 seed=73 DONE  adv=0.0556  win_rate=100%  ETA=1 day, 1:11:02
2026-04-02 23:04:29  [66/3300] n=50 β=20 seed=72 DONE  adv=0.7927  win_rate=100%  ETA=1 day, 0:49:16
2026-04-02 23:04:31  [67/3300] n=50 β=20 seed=82 DONE  adv=0.4523  win_rate=100%  ETA=1 day, 0:28:13
2026-04-02 23:04:33  [68/3300] n=50 β=20 seed=63 DONE  adv=0.1929  win_rate=100%  ETA=1 day, 0:08:07
2026-04-02 23:04:36  [69/3300] n=50 β=20 seed=77 DONE  adv=0.4262  win_rate=100%  ETA=23:48:33
2026-04-02 23:04:36  [70/3300] n=50 β=20 seed=74 DONE  adv=0.3861  win_rate=100%  ETA=23:27:56
2026-04-02 23:04:39  [71/3300] n=50 β=20 seed=69 DONE  adv=0.1991  win_rate=100%  ETA=23:09:57
2026-04-02 23:04:40  [72/3300] n=50 β=20 seed=68 DONE  adv=0.2121  win_rate=100%  ETA=22:51:15
2026-04-02 23:04:44  [73/3300] n=50 β=20 seed=66 DONE  adv=-0.0440  win_rate=99%  ETA=22:35:03
2026-04-02 23:04:46  [74/3300] n=50 β=20 seed=70 DONE  adv=0.3856  win_rate=99%  ETA=22:17:53
2026-04-02 23:04:48  [75/3300] n=50 β=20 seed=84 DONE  adv=0.0154  win_rate=99%  ETA=22:01:03
2026-04-02 23:04:51  [76/3300] n=50 β=20 seed=83 DONE  adv=0.3315  win_rate=99%  ETA=21:45:06
2026-04-02 23:04:53  [77/3300] n=50 β=20 seed=75 DONE  adv=0.2426  win_rate=99%  ETA=21:29:15
2026-04-02 23:04:54  [78/3300] n=50 β=20 seed=71 DONE  adv=0.1451  win_rate=99%  ETA=21:12:35
2026-04-02 23:04:58  [79/3300] n=50 β=20 seed=67 DONE  adv=0.0303  win_rate=99%  ETA=20:58:49
2026-04-02 23:05:01  [80/3300] n=50 β=20 seed=78 DONE  adv=0.3669  win_rate=99%  ETA=20:45:00
2026-04-02 23:05:06  [81/3300] n=50 β=20 seed=80 DONE  adv=0.2103  win_rate=99%  ETA=20:32:17
2026-04-02 23:05:06  [82/3300] n=50 β=20 seed=81 DONE  adv=0.1384  win_rate=99%  ETA=20:17:13
2026-04-02 23:05:07  [83/3300] n=50 β=20 seed=76 DONE  adv=0.2062  win_rate=99%  ETA=20:03:01
2026-04-02 23:05:09  [84/3300] n=50 β=20 seed=79 DONE  adv=0.3124  win_rate=99%  ETA=19:49:32
2026-04-02 23:05:21  [85/3300] n=50 β=20 seed=88 DONE  adv=0.4643  win_rate=99%  ETA=19:42:20
2026-04-02 23:05:23  [86/3300] n=50 β=20 seed=85 DONE  adv=0.3419  win_rate=99%  ETA=19:29:40
2026-04-02 23:05:33  [87/3300] n=50 β=20 seed=89 DONE  adv=0.3079  win_rate=99%  ETA=19:22:10
2026-04-02 23:05:34  [88/3300] n=50 β=20 seed=86 DONE  adv=0.4365  win_rate=99%  ETA=19:09:21
2026-04-02 23:05:48  [89/3300] n=50 β=20 seed=90 DONE  adv=0.2352  win_rate=99%  ETA=19:04:11
2026-04-02 23:05:51  [90/3300] n=50 β=20 seed=87 DONE  adv=0.0970  win_rate=99%  ETA=18:53:04
2026-04-02 23:14:17  [91/3300] n=50 β=20 seed=93 DONE  adv=0.4716  win_rate=99%  ETA=23:37:36
2026-04-02 23:14:22  [92/3300] n=50 β=20 seed=97 DONE  adv=0.1960  win_rate=99%  ETA=23:24:28
2026-04-02 23:14:34  [93/3300] n=50 β=20 seed=96 DONE  adv=0.3366  win_rate=99%  ETA=23:15:48
2026-04-02 23:14:34  [94/3300] n=50 β=20 seed=91 DONE  adv=0.3225  win_rate=99%  ETA=23:00:42
2026-04-02 23:14:37  [95/3300] n=50 β=20 seed=92 DONE  adv=-0.0209  win_rate=98%  ETA=22:47:24
2026-04-02 23:14:38  [96/3300] n=50 β=20 seed=94 DONE  adv=0.2837  win_rate=98%  ETA=22:33:03
2026-04-02 23:14:48  [97/3300] n=50 β=20 seed=100 DONE  adv=0.2389  win_rate=98%  ETA=22:24:10
2026-04-02 23:14:52  [98/3300] n=50 β=20 seed=98 DONE  adv=0.3325  win_rate=98%  ETA=22:12:34
2026-04-02 23:14:53  [99/3300] n=50 β=20 seed=95 DONE  adv=0.2749  win_rate=98%  ETA=21:59:07
2026-04-02 23:15:00  [100/3300] n=50 β=20 seed=99 DONE  adv=0.3652  win_rate=98%  ETA=21:49:09
2026-04-02 23:38:33  [101/3300] n=50 β=30 seed=4 DONE  adv=0.4756  win_rate=98%  ETA=1 day, 10:01:55
2026-04-02 23:39:24  [102/3300] n=50 β=30 seed=13 DONE  adv=0.2983  win_rate=98%  ETA=1 day, 10:07:36
2026-04-02 23:39:29  [103/3300] n=50 β=30 seed=6 DONE  adv=0.5153  win_rate=98%  ETA=1 day, 9:49:54
2026-04-02 23:39:41  [104/3300] n=50 β=30 seed=17 DONE  adv=0.5407  win_rate=98%  ETA=1 day, 9:35:59
2026-04-02 23:39:43  [105/3300] n=50 β=30 seed=1 DONE  adv=0.5347  win_rate=98%  ETA=1 day, 9:17:04
2026-04-02 23:39:51  [106/3300] n=50 β=30 seed=5 DONE  adv=0.4415  win_rate=98%  ETA=1 day, 9:01:30
2026-04-02 23:39:52  [107/3300] n=50 β=30 seed=10 DONE  adv=0.6566  win_rate=98%  ETA=1 day, 8:42:58
2026-04-02 23:39:53  [108/3300] n=50 β=30 seed=16 DONE  adv=0.4366  win_rate=98%  ETA=1 day, 8:24:52
2026-04-02 23:39:56  [109/3300] n=50 β=30 seed=18 DONE  adv=0.6610  win_rate=98%  ETA=1 day, 8:07:41
2026-04-02 23:40:05  [110/3300] n=50 β=30 seed=8 DONE  adv=0.4389  win_rate=98%  ETA=1 day, 7:54:00
2026-04-02 23:40:09  [111/3300] n=50 β=30 seed=12 DONE  adv=0.3558  win_rate=98%  ETA=1 day, 7:38:12
2026-04-02 23:40:12  [112/3300] n=50 β=30 seed=7 DONE  adv=0.4199  win_rate=98%  ETA=1 day, 7:21:47
2026-04-02 23:40:15  [113/3300] n=50 β=30 seed=15 DONE  adv=0.3596  win_rate=98%  ETA=1 day, 7:05:59
2026-04-02 23:40:17  [114/3300] n=50 β=30 seed=3 DONE  adv=0.2309  win_rate=98%  ETA=1 day, 6:50:05
2026-04-02 23:40:27  [115/3300] n=50 β=30 seed=9 DONE  adv=0.4255  win_rate=98%  ETA=1 day, 6:37:48
2026-04-02 23:40:31  [116/3300] n=50 β=30 seed=2 DONE  adv=0.3304  win_rate=98%  ETA=1 day, 6:23:14
2026-04-02 23:40:41  [117/3300] n=50 β=30 seed=11 DONE  adv=0.3293  win_rate=98%  ETA=1 day, 6:11:52
2026-04-02 23:40:49  [118/3300] n=50 β=30 seed=14 DONE  adv=0.5276  win_rate=98%  ETA=1 day, 5:59:24
2026-04-02 23:40:59  [119/3300] n=50 β=30 seed=19 DONE  adv=0.3834  win_rate=98%  ETA=1 day, 5:48:18
2026-04-02 23:41:12  [120/3300] n=50 β=30 seed=20 DONE  adv=0.1355  win_rate=98%  ETA=1 day, 5:38:31
2026-04-02 23:47:35  [121/3300] n=50 β=30 seed=22 DONE  adv=0.4998  win_rate=98%  ETA=1 day, 8:10:57
2026-04-02 23:48:36  [122/3300] n=50 β=30 seed=28 DONE  adv=0.5124  win_rate=98%  ETA=1 day, 8:21:16
2026-04-02 23:49:06  [123/3300] n=50 β=30 seed=30 DONE  adv=0.5151  win_rate=98%  ETA=1 day, 8:17:45
2026-04-02 23:49:34  [124/3300] n=50 β=30 seed=24 DONE  adv=0.1979  win_rate=98%  ETA=1 day, 8:13:19
2026-04-02 23:49:35  [125/3300] n=50 β=30 seed=21 DONE  adv=0.3943  win_rate=98%  ETA=1 day, 7:57:47
2026-04-02 23:49:48  [126/3300] n=50 β=30 seed=25 DONE  adv=0.3702  win_rate=98%  ETA=1 day, 7:47:19
2026-04-02 23:50:01  [127/3300] n=50 β=30 seed=23 DONE  adv=0.0520  win_rate=98%  ETA=1 day, 7:36:56
2026-04-02 23:50:02  [128/3300] n=50 β=30 seed=27 DONE  adv=0.3375  win_rate=98%  ETA=1 day, 7:22:15
2026-04-02 23:50:17  [129/3300] n=50 β=30 seed=29 DONE  adv=0.4845  win_rate=98%  ETA=1 day, 7:13:03
2026-04-02 23:50:55  [130/3300] n=50 β=30 seed=26 DONE  adv=0.5485  win_rate=98%  ETA=1 day, 7:13:40
2026-04-03 00:13:11  [131/3300] n=50 β=30 seed=33 DONE  adv=0.5310  win_rate=98%  ETA=1 day, 15:57:18
2026-04-03 00:13:44  [132/3300] n=50 β=30 seed=31 DONE  adv=0.3138  win_rate=98%  ETA=1 day, 15:51:26
2026-04-03 00:13:54  [133/3300] n=50 β=30 seed=34 DONE  adv=0.4505  win_rate=98%  ETA=1 day, 15:36:39
2026-04-03 00:13:59  [134/3300] n=50 β=30 seed=37 DONE  adv=0.4622  win_rate=99%  ETA=1 day, 15:20:07
2026-04-03 00:14:10  [135/3300] n=50 β=30 seed=44 DONE  adv=0.3559  win_rate=99%  ETA=1 day, 15:06:15
2026-04-03 00:14:11  [136/3300] n=50 β=30 seed=40 DONE  adv=0.4564  win_rate=99%  ETA=1 day, 14:48:37
2026-04-03 00:14:42  [137/3300] n=50 β=30 seed=41 DONE  adv=0.3517  win_rate=99%  ETA=1 day, 14:42:55
2026-04-03 00:14:57  [138/3300] n=50 β=30 seed=38 DONE  adv=0.4740  win_rate=99%  ETA=1 day, 14:31:09
2026-04-03 00:14:57  [139/3300] n=50 β=30 seed=43 DONE  adv=0.5253  win_rate=99%  ETA=1 day, 14:13:52
2026-04-03 00:15:04  [140/3300] n=50 β=30 seed=32 DONE  adv=0.3357  win_rate=99%  ETA=1 day, 13:59:07
2026-04-03 00:15:04  [141/3300] n=50 β=30 seed=42 DONE  adv=0.5055  win_rate=99%  ETA=1 day, 13:42:35
2026-04-03 00:15:11  [142/3300] n=50 β=30 seed=35 DONE  adv=0.4646  win_rate=99%  ETA=1 day, 13:28:22
2026-04-03 00:15:24  [143/3300] n=50 β=30 seed=36 DONE  adv=0.1912  win_rate=99%  ETA=1 day, 13:16:45
2026-04-03 00:15:26  [144/3300] n=50 β=30 seed=39 DONE  adv=0.7968  win_rate=99%  ETA=1 day, 13:01:09
2026-04-03 00:15:32  [145/3300] n=50 β=30 seed=48 DONE  adv=0.5700  win_rate=99%  ETA=1 day, 12:47:17
2026-04-03 00:15:43  [146/3300] n=50 β=30 seed=47 DONE  adv=0.1397  win_rate=99%  ETA=1 day, 12:35:26
2026-04-03 00:15:45  [147/3300] n=50 β=30 seed=46 DONE  adv=0.3635  win_rate=99%  ETA=1 day, 12:20:27
2026-04-03 00:16:09  [148/3300] n=50 β=30 seed=50 DONE  adv=0.2188  win_rate=99%  ETA=1 day, 12:13:43
2026-04-03 00:16:14  [149/3300] n=50 β=30 seed=49 DONE  adv=0.3344  win_rate=99%  ETA=1 day, 12:00:09
2026-04-03 00:16:17  [150/3300] n=50 β=30 seed=45 DONE  adv=0.4479  win_rate=99%  ETA=1 day, 11:46:19
2026-04-03 00:21:19  [151/3300] n=50 β=30 seed=51 DONE  adv=0.3058  win_rate=99%  ETA=1 day, 13:16:22
2026-04-03 00:22:08  [152/3300] n=50 β=30 seed=52 DONE  adv=0.6874  win_rate=99%  ETA=1 day, 13:17:40
2026-04-03 00:22:54  [153/3300] n=50 β=30 seed=53 DONE  adv=0.5455  win_rate=99%  ETA=1 day, 13:18:04
2026-04-03 00:22:57  [154/3300] n=50 β=30 seed=55 DONE  adv=0.3883  win_rate=99%  ETA=1 day, 13:03:54
2026-04-03 00:24:06  [155/3300] n=50 β=30 seed=58 DONE  adv=0.3513  win_rate=99%  ETA=1 day, 13:12:11
2026-04-03 00:24:22  [156/3300] n=50 β=30 seed=59 DONE  adv=0.3887  win_rate=99%  ETA=1 day, 13:02:40
2026-04-03 00:24:31  [157/3300] n=50 β=30 seed=56 DONE  adv=0.4607  win_rate=99%  ETA=1 day, 12:50:46
2026-04-03 00:24:38  [158/3300] n=50 β=30 seed=54 DONE  adv=0.4419  win_rate=99%  ETA=1 day, 12:38:31
2026-04-03 00:24:52  [159/3300] n=50 β=30 seed=57 DONE  adv=0.3479  win_rate=99%  ETA=1 day, 12:28:34
2026-04-03 00:25:16  [160/3300] n=50 β=30 seed=60 DONE  adv=0.3892  win_rate=99%  ETA=1 day, 12:21:59
2026-04-03 00:46:53  [161/3300] n=50 β=30 seed=61 DONE  adv=0.3391  win_rate=99%  ETA=1 day, 19:09:01
2026-04-03 00:47:04  [162/3300] n=50 β=30 seed=64 DONE  adv=0.0537  win_rate=99%  ETA=1 day, 18:55:51
2026-04-03 00:47:08  [163/3300] n=50 β=30 seed=62 DONE  adv=0.1680  win_rate=99%  ETA=1 day, 18:40:27
2026-04-03 00:47:17  [164/3300] n=50 β=30 seed=65 DONE  adv=0.5395  win_rate=99%  ETA=1 day, 18:27:01
2026-04-03 00:47:31  [165/3300] n=50 β=30 seed=63 DONE  adv=0.2741  win_rate=99%  ETA=1 day, 18:15:13
2026-04-03 00:47:37  [166/3300] n=50 β=30 seed=66 DONE  adv=0.2089  win_rate=99%  ETA=1 day, 18:00:58
2026-04-03 00:47:50  [167/3300] n=50 β=30 seed=67 DONE  adv=0.1686  win_rate=99%  ETA=1 day, 17:49:10
2026-04-03 00:48:09  [168/3300] n=50 β=30 seed=70 DONE  adv=0.3416  win_rate=99%  ETA=1 day, 17:39:13
2026-04-03 00:48:13  [169/3300] n=50 β=30 seed=69 DONE  adv=0.6776  win_rate=99%  ETA=1 day, 17:24:54
2026-04-03 00:48:28  [170/3300] n=50 β=30 seed=74 DONE  adv=0.3813  win_rate=99%  ETA=1 day, 17:14:07
2026-04-03 00:48:43  [171/3300] n=50 β=30 seed=73 DONE  adv=0.5593  win_rate=99%  ETA=1 day, 17:03:34
2026-04-03 00:48:50  [172/3300] n=50 β=30 seed=68 DONE  adv=0.2506  win_rate=99%  ETA=1 day, 16:50:36
2026-04-03 00:48:54  [173/3300] n=50 β=30 seed=72 DONE  adv=0.1760  win_rate=99%  ETA=1 day, 16:36:44
2026-04-03 00:48:59  [174/3300] n=50 β=30 seed=76 DONE  adv=0.3992  win_rate=99%  ETA=1 day, 16:23:26
2026-04-03 00:49:06  [175/3300] n=50 β=30 seed=75 DONE  adv=0.4491  win_rate=99%  ETA=1 day, 16:11:05
2026-04-03 00:49:07  [176/3300] n=50 β=30 seed=71 DONE  adv=0.5067  win_rate=99%  ETA=1 day, 15:56:54
2026-04-03 00:49:18  [177/3300] n=50 β=30 seed=77 DONE  adv=0.3468  win_rate=99%  ETA=1 day, 15:45:41
2026-04-03 00:49:19  [178/3300] n=50 β=30 seed=79 DONE  adv=0.5451  win_rate=99%  ETA=1 day, 15:31:57
2026-04-03 00:49:57  [179/3300] n=50 β=30 seed=80 DONE  adv=0.4540  win_rate=99%  ETA=1 day, 15:28:59
2026-04-03 00:50:04  [180/3300] n=50 β=30 seed=78 DONE  adv=0.3929  win_rate=99%  ETA=1 day, 15:17:05
2026-04-03 00:53:51  [181/3300] n=50 β=30 seed=81 DONE  adv=0.6327  win_rate=99%  ETA=1 day, 16:08:23
2026-04-03 00:55:42  [182/3300] n=50 β=30 seed=82 DONE  adv=0.5225  win_rate=99%  ETA=1 day, 16:26:05
2026-04-03 00:56:40  [183/3300] n=50 β=30 seed=84 DONE  adv=0.4880  win_rate=99%  ETA=1 day, 16:28:27
2026-04-03 00:56:43  [184/3300] n=50 β=30 seed=83 DONE  adv=0.3330  win_rate=99%  ETA=1 day, 16:15:32
2026-04-03 00:57:48  [185/3300] n=50 β=30 seed=85 DONE  adv=0.3130  win_rate=99%  ETA=1 day, 16:19:54
2026-04-03 00:58:04  [186/3300] n=50 β=30 seed=86 DONE  adv=0.3585  win_rate=99%  ETA=1 day, 16:10:30
2026-04-03 00:58:10  [187/3300] n=50 β=30 seed=90 DONE  adv=0.1873  win_rate=99%  ETA=1 day, 15:58:29
2026-04-03 00:58:11  [188/3300] n=50 β=30 seed=88 DONE  adv=0.2097  win_rate=99%  ETA=1 day, 15:45:16
2026-04-03 00:58:15  [189/3300] n=50 β=30 seed=89 DONE  adv=0.4032  win_rate=99%  ETA=1 day, 15:33:03
2026-04-03 00:59:00  [190/3300] n=50 β=30 seed=87 DONE  adv=0.3064  win_rate=99%  ETA=1 day, 15:31:55
2026-04-03 01:19:20  [191/3300] n=50 β=30 seed=96 DONE  adv=0.4654  win_rate=99%  ETA=1 day, 20:49:46
2026-04-03 01:19:29  [192/3300] n=50 β=30 seed=91 DONE  adv=0.6262  win_rate=99%  ETA=1 day, 20:37:22
2026-04-03 01:19:31  [193/3300] n=50 β=30 seed=97 DONE  adv=0.2900  win_rate=99%  ETA=1 day, 20:23:09
2026-04-03 01:19:50  [194/3300] n=50 β=30 seed=92 DONE  adv=0.2559  win_rate=99%  ETA=1 day, 20:13:39
2026-04-03 01:20:24  [195/3300] n=50 β=30 seed=93 DONE  adv=0.3134  win_rate=99%  ETA=1 day, 20:08:14
2026-04-03 01:20:35  [196/3300] n=50 β=30 seed=95 DONE  adv=0.6005  win_rate=99%  ETA=1 day, 19:56:52
2026-04-03 01:20:57  [197/3300] n=50 β=30 seed=100 DONE  adv=0.6952  win_rate=99%  ETA=1 day, 19:48:16
2026-04-03 01:21:00  [198/3300] n=50 β=30 seed=98 DONE  adv=0.3325  win_rate=99%  ETA=1 day, 19:34:56
2026-04-03 01:21:12  [199/3300] n=50 β=30 seed=94 DONE  adv=0.4937  win_rate=99%  ETA=1 day, 19:24:10
2026-04-03 01:21:21  [200/3300] n=50 β=30 seed=99 DONE  adv=0.4222  win_rate=99%  ETA=1 day, 19:12:29
2026-04-03 03:36:25  [201/3300] n=50 β=40 seed=2 DONE  adv=0.2649  win_rate=99%  ETA=3 days, 5:41:25
2026-04-03 03:37:42  [202/3300] n=50 β=40 seed=4 DONE  adv=0.0645  win_rate=99%  ETA=3 days, 5:36:23
2026-04-03 03:38:23  [203/3300] n=50 β=40 seed=3 DONE  adv=0.0113  win_rate=99%  ETA=3 days, 5:22:26
2026-04-03 03:41:18  [204/3300] n=50 β=40 seed=1 DONE  adv=0.1856  win_rate=99%  ETA=3 days, 5:42:30
2026-04-03 03:41:19  [205/3300] n=50 β=40 seed=7 DONE  adv=0.0464  win_rate=99%  ETA=3 days, 5:18:23
2026-04-03 03:41:21  [206/3300] n=50 β=40 seed=6 DONE  adv=0.1062  win_rate=99%  ETA=3 days, 4:54:53
2026-04-03 03:43:05  [207/3300] n=50 β=40 seed=10 DONE  adv=0.2526  win_rate=99%  ETA=3 days, 4:57:11
2026-04-03 03:43:26  [208/3300] n=50 β=40 seed=8 DONE  adv=0.0619  win_rate=99%  ETA=3 days, 4:38:33
2026-04-03 03:44:02  [209/3300] n=50 β=40 seed=9 DONE  adv=0.0707  win_rate=99%  ETA=3 days, 4:24:03
2026-04-03 03:44:21  [210/3300] n=50 β=40 seed=11 DONE  adv=0.2863  win_rate=99%  ETA=3 days, 4:05:19
2026-04-03 03:45:58  [211/3300] n=50 β=40 seed=12 DONE  adv=0.0121  win_rate=99%  ETA=3 days, 4:05:49
2026-04-03 03:46:06  [212/3300] n=50 β=40 seed=5 DONE  adv=0.0607  win_rate=99%  ETA=3 days, 3:44:45
2026-04-03 03:46:36  [213/3300] n=50 β=40 seed=16 DONE  adv=0.1489  win_rate=99%  ETA=3 days, 3:29:15
2026-04-03 03:46:46  [214/3300] n=50 β=40 seed=14 DONE  adv=0.1779  win_rate=99%  ETA=3 days, 3:09:06
2026-04-03 03:47:49  [215/3300] n=50 β=40 seed=13 DONE  adv=0.0522  win_rate=99%  ETA=3 days, 3:01:37
2026-04-03 03:49:09  [216/3300] n=50 β=40 seed=15 DONE  adv=0.2578  win_rate=99%  ETA=3 days, 2:58:25
2026-04-03 03:50:17  [217/3300] n=50 β=40 seed=18 DONE  adv=0.1384  win_rate=99%  ETA=3 days, 2:52:24
2026-04-03 03:51:02  [218/3300] n=50 β=40 seed=17 DONE  adv=0.0980  win_rate=99%  ETA=3 days, 2:40:51
2026-04-03 03:52:37  [219/3300] n=50 β=40 seed=20 DONE  adv=0.1568  win_rate=99%  ETA=3 days, 2:41:20
2026-04-03 03:54:20  [220/3300] n=50 β=40 seed=19 DONE  adv=0.1643  win_rate=99%  ETA=3 days, 2:43:28
2026-04-03 04:08:59  [221/3300] n=50 β=40 seed=21 DONE  adv=0.1339  win_rate=99%  ETA=3 days, 5:45:48
2026-04-03 04:09:54  [222/3300] n=50 β=40 seed=27 DONE  adv=0.0943  win_rate=99%  ETA=3 days, 5:35:58
2026-04-03 04:10:22  [223/3300] n=50 β=40 seed=29 DONE  adv=-0.0115  win_rate=99%  ETA=3 days, 5:20:10
2026-04-03 04:10:35  [224/3300] n=50 β=40 seed=23 DONE  adv=0.1584  win_rate=99%  ETA=3 days, 5:00:54
2026-04-03 04:10:46  [225/3300] n=50 β=40 seed=24 DONE  adv=0.1071  win_rate=99%  ETA=3 days, 4:41:20
2026-04-03 04:11:12  [226/3300] n=50 β=40 seed=22 DONE  adv=-0.0415  win_rate=98%  ETA=3 days, 4:25:24
2026-04-03 04:11:27  [227/3300] n=50 β=40 seed=28 DONE  adv=0.0919  win_rate=98%  ETA=3 days, 4:07:05
2026-04-03 04:11:35  [228/3300] n=50 β=40 seed=30 DONE  adv=0.1037  win_rate=98%  ETA=3 days, 3:47:27
2026-04-03 04:13:24  [229/3300] n=50 β=40 seed=26 DONE  adv=-0.0194  win_rate=98%  ETA=3 days, 3:50:16
2026-04-03 04:15:42  [230/3300] n=50 β=40 seed=25 DONE  adv=0.1290  win_rate=98%  ETA=3 days, 3:59:44
2026-04-03 06:25:19  [231/3300] n=50 β=40 seed=31 DONE  adv=0.1753  win_rate=98%  ETA=4 days, 8:20:37
2026-04-03 06:26:26  [232/3300] n=50 β=40 seed=33 DONE  adv=0.1556  win_rate=98%  ETA=4 days, 8:06:18
2026-04-03 06:29:55  [233/3300] n=50 β=40 seed=36 DONE  adv=0.1083  win_rate=98%  ETA=4 days, 8:23:28
2026-04-03 06:31:03  [234/3300] n=50 β=40 seed=32 DONE  adv=0.0210  win_rate=98%  ETA=4 days, 8:09:25
2026-04-03 06:32:25  [235/3300] n=50 β=40 seed=34 DONE  adv=0.0808  win_rate=98%  ETA=4 days, 7:58:38
2026-04-03 06:33:37  [236/3300] n=50 β=40 seed=37 DONE  adv=0.1671  win_rate=98%  ETA=4 days, 7:45:43
2026-04-03 06:34:41  [237/3300] n=50 β=40 seed=38 DONE  adv=0.0742  win_rate=98%  ETA=4 days, 7:31:20
2026-04-03 06:35:17  [238/3300] n=50 β=40 seed=35 DONE  adv=0.1519  win_rate=98%  ETA=4 days, 7:10:47
2026-04-03 06:35:25  [239/3300] n=50 β=40 seed=40 DONE  adv=0.1674  win_rate=98%  ETA=4 days, 6:44:40
2026-04-03 06:36:35  [240/3300] n=50 β=40 seed=45 DONE  adv=0.0305  win_rate=98%  ETA=4 days, 6:31:48
2026-04-03 06:36:43  [241/3300] n=50 β=40 seed=44 DONE  adv=0.2088  win_rate=98%  ETA=4 days, 6:06:04
2026-04-03 06:36:53  [242/3300] n=50 β=40 seed=41 DONE  adv=0.2140  win_rate=98%  ETA=4 days, 5:40:48
2026-04-03 06:37:06  [243/3300] n=50 β=40 seed=39 DONE  adv=0.0000  win_rate=98%  ETA=4 days, 5:16:32
2026-04-03 06:38:38  [244/3300] n=50 β=40 seed=43 DONE  adv=-0.0444  win_rate=98%  ETA=4 days, 5:08:45
2026-04-03 06:40:33  [245/3300] n=50 β=40 seed=42 DONE  adv=0.2012  win_rate=98%  ETA=4 days, 5:05:52
2026-04-03 06:40:41  [246/3300] n=50 β=40 seed=49 DONE  adv=0.2070  win_rate=98%  ETA=4 days, 4:41:00
2026-04-03 06:41:46  [247/3300] n=50 β=40 seed=46 DONE  adv=0.1267  win_rate=98%  ETA=4 days, 4:27:56
2026-04-03 06:42:20  [248/3300] n=50 β=40 seed=47 DONE  adv=0.0621  win_rate=98%  ETA=4 days, 4:08:40
2026-04-03 06:43:54  [249/3300] n=50 β=40 seed=48 DONE  adv=0.1679  win_rate=98%  ETA=4 days, 4:01:43
2026-04-03 06:49:38  [250/3300] n=50 β=40 seed=50 DONE  adv=0.1724  win_rate=98%  ETA=4 days, 4:45:43
2026-04-03 06:58:35  [251/3300] n=50 β=40 seed=51 DONE  adv=0.2170  win_rate=98%  ETA=4 days, 6:08:21
2026-04-03 07:00:19  [252/3300] n=50 β=40 seed=58 DONE  adv=0.1319  win_rate=98%  ETA=4 days, 6:03:05
2026-04-03 07:01:13  [253/3300] n=50 β=40 seed=53 DONE  adv=0.0525  win_rate=98%  ETA=4 days, 5:47:43
2026-04-03 07:01:23  [254/3300] n=50 β=40 seed=54 DONE  adv=0.1365  win_rate=98%  ETA=4 days, 5:23:36
2026-04-03 07:01:43  [255/3300] n=50 β=40 seed=57 DONE  adv=0.0240  win_rate=98%  ETA=4 days, 5:01:42
2026-04-03 07:01:46  [256/3300] n=50 β=40 seed=52 DONE  adv=0.1113  win_rate=98%  ETA=4 days, 4:36:41
2026-04-03 07:02:54  [257/3300] n=50 β=40 seed=60 DONE  adv=0.1159  win_rate=98%  ETA=4 days, 4:24:38
2026-04-03 07:03:34  [258/3300] n=50 β=40 seed=55 DONE  adv=0.1797  win_rate=98%  ETA=4 days, 4:07:14
2026-04-03 07:03:51  [259/3300] n=50 β=40 seed=56 DONE  adv=0.0592  win_rate=98%  ETA=4 days, 3:45:19
2026-04-03 07:05:44  [260/3300] n=50 β=40 seed=59 DONE  adv=0.1367  win_rate=98%  ETA=4 days, 3:42:16
2026-04-03 09:21:18  [261/3300] n=50 β=40 seed=62 DONE  adv=0.0990  win_rate=98%  ETA=5 days, 5:36:01
2026-04-03 09:21:48  [262/3300] n=50 β=40 seed=61 DONE  adv=0.2145  win_rate=98%  ETA=5 days, 5:10:26
2026-04-03 09:24:37  [263/3300] n=50 β=40 seed=65 DONE  adv=-0.0642  win_rate=97%  ETA=5 days, 5:11:58
2026-04-03 09:24:46  [264/3300] n=50 β=40 seed=63 DONE  adv=0.1202  win_rate=97%  ETA=5 days, 4:42:55
2026-04-03 09:26:10  [265/3300] n=50 β=40 seed=69 DONE  adv=0.0475  win_rate=97%  ETA=5 days, 4:28:06
2026-04-03 09:27:13  [266/3300] n=50 β=40 seed=68 DONE  adv=0.0629  win_rate=97%  ETA=5 days, 4:09:34
2026-04-03 09:28:12  [267/3300] n=50 β=40 seed=66 DONE  adv=0.2394  win_rate=97%  ETA=5 days, 3:50:22
2026-04-03 09:28:19  [268/3300] n=50 β=40 seed=64 DONE  adv=0.1532  win_rate=97%  ETA=5 days, 3:21:38
2026-04-03 09:29:42  [269/3300] n=50 β=40 seed=72 DONE  adv=-0.0607  win_rate=97%  ETA=5 days, 3:07:18
2026-04-03 09:29:55  [270/3300] n=50 β=40 seed=70 DONE  adv=0.1155  win_rate=97%  ETA=5 days, 2:39:57
2026-04-03 09:30:34  [271/3300] n=50 β=40 seed=67 DONE  adv=-0.0822  win_rate=97%  ETA=5 days, 2:17:34
2026-04-03 09:31:26  [272/3300] n=50 β=40 seed=73 DONE  adv=0.0628  win_rate=97%  ETA=5 days, 1:57:50
2026-04-03 09:33:11  [273/3300] n=50 β=40 seed=74 DONE  adv=0.1392  win_rate=97%  ETA=5 days, 1:48:06
2026-04-03 09:34:48  [274/3300] n=50 β=40 seed=76 DONE  adv=0.2162  win_rate=97%  ETA=5 days, 1:36:46
2026-04-03 09:35:00  [275/3300] n=50 β=40 seed=71 DONE  adv=-0.0021  win_rate=96%  ETA=5 days, 1:10:05
2026-04-03 09:35:36  [276/3300] n=50 β=40 seed=75 DONE  adv=0.0820  win_rate=96%  ETA=5 days, 0:47:50
2026-04-03 09:36:09  [277/3300] n=50 β=40 seed=78 DONE  adv=0.0014  win_rate=96%  ETA=5 days, 0:25:20
2026-04-03 09:36:24  [278/3300] n=50 β=40 seed=77 DONE  adv=0.0856  win_rate=96%  ETA=4 days, 23:59:46
2026-04-03 09:41:09  [279/3300] n=50 β=40 seed=79 DONE  adv=0.0235  win_rate=96%  ETA=5 days, 0:22:57
2026-04-03 09:46:20  [280/3300] n=60 β=20 seed=1 DONE  adv=0.0182  win_rate=96%  ETA=5 days, 0:50:43
2026-04-03 09:46:33  [281/3300] n=60 β=20 seed=2 DONE  adv=0.4371  win_rate=96%  ETA=5 days, 0:24:43
2026-04-03 09:48:13  [282/3300] n=50 β=40 seed=80 DONE  adv=0.1138  win_rate=96%  ETA=5 days, 0:14:42
2026-04-03 09:48:22  [283/3300] n=60 β=20 seed=3 DONE  adv=0.3294  win_rate=96%  ETA=4 days, 23:48:18
2026-04-03 09:50:45  [284/3300] n=60 β=20 seed=6 DONE  adv=0.8799  win_rate=96%  ETA=4 days, 23:46:01
2026-04-03 09:50:57  [285/3300] n=60 β=20 seed=4 DONE  adv=0.2469  win_rate=96%  ETA=4 days, 23:20:32
2026-04-03 09:51:12  [286/3300] n=60 β=20 seed=5 DONE  adv=0.3534  win_rate=97%  ETA=4 days, 22:55:47
2026-04-03 09:51:40  [287/3300] n=60 β=20 seed=7 DONE  adv=0.0034  win_rate=97%  ETA=4 days, 22:33:21
2026-04-03 09:52:37  [288/3300] n=60 β=20 seed=8 DONE  adv=0.0915  win_rate=97%  ETA=4 days, 22:16:17
2026-04-03 09:54:34  [289/3300] n=50 β=40 seed=84 DONE  adv=0.0927  win_rate=97%  ETA=4 days, 22:09:45
2026-04-03 09:54:39  [290/3300] n=50 β=40 seed=81 DONE  adv=0.1860  win_rate=97%  ETA=4 days, 21:43:52
2026-04-03 09:54:44  [291/3300] n=50 β=40 seed=82 DONE  adv=0.1271  win_rate=97%  ETA=4 days, 21:18:05
2026-04-03 09:54:53  [292/3300] n=50 β=40 seed=83 DONE  adv=-0.0322  win_rate=96%  ETA=4 days, 20:53:05
2026-04-03 09:57:28  [293/3300] n=60 β=20 seed=9 DONE  adv=0.1463  win_rate=96%  ETA=4 days, 20:53:25
2026-04-03 09:57:50  [294/3300] n=50 β=40 seed=85 DONE  adv=0.0248  win_rate=96%  ETA=4 days, 20:31:01
2026-04-03 09:58:36  [295/3300] n=50 β=40 seed=88 DONE  adv=0.0734  win_rate=96%  ETA=4 days, 20:12:45
2026-04-03 09:59:08  [296/3300] n=50 β=40 seed=86 DONE  adv=0.1565  win_rate=96%  ETA=4 days, 19:52:20
2026-04-03 09:59:37  [297/3300] n=50 β=40 seed=89 DONE  adv=0.1416  win_rate=96%  ETA=4 days, 19:31:33
2026-04-03 10:00:52  [298/3300] n=50 β=40 seed=87 DONE  adv=0.2118  win_rate=96%  ETA=4 days, 19:18:34
2026-04-03 10:01:08  [299/3300] n=50 β=40 seed=90 DONE  adv=0.0994  win_rate=96%  ETA=4 days, 18:55:50
2026-04-03 10:01:11  [300/3300] n=60 β=20 seed=11 DONE  adv=0.2234  win_rate=96%  ETA=4 days, 18:31:01
2026-04-03 10:02:28  [301/3300] n=60 β=20 seed=10 DONE  adv=0.2974  win_rate=96%  ETA=4 days, 18:18:42
2026-04-03 10:03:44  [302/3300] n=60 β=20 seed=13 DONE  adv=0.6304  win_rate=96%  ETA=4 days, 18:06:19
2026-04-03 10:04:11  [303/3300] n=60 β=20 seed=12 DONE  adv=0.3916  win_rate=96%  ETA=4 days, 17:45:44
2026-04-03 10:06:13  [304/3300] n=60 β=20 seed=14 DONE  adv=0.2084  win_rate=96%  ETA=4 days, 17:41:07
2026-04-03 10:06:53  [305/3300] n=60 β=20 seed=15 DONE  adv=0.3930  win_rate=96%  ETA=4 days, 17:23:04
2026-04-03 10:07:08  [306/3300] n=60 β=20 seed=16 DONE  adv=0.3487  win_rate=96%  ETA=4 days, 17:00:57
2026-04-03 10:07:37  [307/3300] n=60 β=20 seed=17 DONE  adv=0.1999  win_rate=96%  ETA=4 days, 16:41:26
2026-04-03 10:08:14  [308/3300] n=60 β=20 seed=18 DONE  adv=0.4550  win_rate=96%  ETA=4 days, 16:23:12
2026-04-03 10:10:10  [309/3300] n=60 β=20 seed=22 DONE  adv=0.3198  win_rate=96%  ETA=4 days, 16:17:51
2026-04-03 10:10:17  [310/3300] n=60 β=20 seed=19 DONE  adv=0.5510  win_rate=96%  ETA=4 days, 15:54:52
2026-04-03 10:10:42  [311/3300] n=60 β=20 seed=21 DONE  adv=0.2255  win_rate=96%  ETA=4 days, 15:35:04
2026-04-03 10:11:18  [312/3300] n=60 β=20 seed=20 DONE  adv=0.5887  win_rate=96%  ETA=4 days, 15:17:10
2026-04-03 10:13:20  [313/3300] n=60 β=20 seed=23 DONE  adv=0.3884  win_rate=96%  ETA=4 days, 15:12:57
2026-04-03 10:13:35  [314/3300] n=60 β=20 seed=24 DONE  adv=0.6684  win_rate=96%  ETA=4 days, 14:51:54
2026-04-03 10:14:16  [315/3300] n=60 β=20 seed=25 DONE  adv=0.5857  win_rate=97%  ETA=4 days, 14:35:00
2026-04-03 10:15:10  [316/3300] n=60 β=20 seed=27 DONE  adv=0.2174  win_rate=97%  ETA=4 days, 14:20:18
2026-04-03 10:15:16  [317/3300] n=60 β=20 seed=26 DONE  adv=0.1536  win_rate=97%  ETA=4 days, 13:58:13
2026-04-03 10:16:46  [318/3300] n=60 β=20 seed=28 DONE  adv=0.1386  win_rate=97%  ETA=4 days, 13:49:20
2026-04-03 10:17:24  [319/3300] n=60 β=20 seed=29 DONE  adv=0.1933  win_rate=97%  ETA=4 days, 13:32:24
2026-04-03 10:17:39  [320/3300] n=60 β=20 seed=30 DONE  adv=0.2108  win_rate=97%  ETA=4 days, 13:11:58
2026-04-03 10:18:34  [321/3300] n=60 β=20 seed=31 DONE  adv=0.4783  win_rate=97%  ETA=4 days, 12:57:54
2026-04-03 10:20:04  [322/3300] n=60 β=20 seed=33 DONE  adv=0.3410  win_rate=97%  ETA=4 days, 12:49:12
2026-04-03 10:20:06  [323/3300] n=60 β=20 seed=32 DONE  adv=0.1689  win_rate=97%  ETA=4 days, 12:27:08
2026-04-03 10:22:20  [324/3300] n=60 β=20 seed=34 DONE  adv=0.5217  win_rate=97%  ETA=4 days, 12:25:25
2026-04-03 10:23:02  [325/3300] n=60 β=20 seed=37 DONE  adv=0.2710  win_rate=97%  ETA=4 days, 12:09:37
2026-04-03 10:23:05  [326/3300] n=60 β=20 seed=36 DONE  adv=0.5754  win_rate=97%  ETA=4 days, 11:47:57
2026-04-03 10:23:13  [327/3300] n=60 β=20 seed=35 DONE  adv=0.3790  win_rate=97%  ETA=4 days, 11:27:11
2026-04-03 10:24:27  [328/3300] n=60 β=20 seed=38 DONE  adv=0.5221  win_rate=97%  ETA=4 days, 11:16:32
2026-04-03 10:25:47  [329/3300] n=60 β=20 seed=40 DONE  adv=0.3648  win_rate=97%  ETA=4 days, 11:06:52
2026-04-03 10:25:57  [330/3300] n=60 β=20 seed=39 DONE  adv=0.3339  win_rate=97%  ETA=4 days, 10:46:44
2026-04-03 10:26:38  [331/3300] n=60 β=20 seed=41 DONE  adv=0.1108  win_rate=97%  ETA=4 days, 10:31:28
2026-04-03 10:26:58  [332/3300] n=60 β=20 seed=42 DONE  adv=0.3487  win_rate=97%  ETA=4 days, 10:13:00
2026-04-03 10:28:30  [333/3300] n=60 β=20 seed=43 DONE  adv=0.3162  win_rate=97%  ETA=4 days, 10:05:25
2026-04-03 10:29:19  [334/3300] n=60 β=20 seed=44 DONE  adv=0.4344  win_rate=97%  ETA=4 days, 9:51:26
2026-04-03 10:30:21  [335/3300] n=60 β=20 seed=45 DONE  adv=0.1316  win_rate=97%  ETA=4 days, 9:39:30
2026-04-03 10:30:51  [336/3300] n=60 β=20 seed=46 DONE  adv=0.1971  win_rate=97%  ETA=4 days, 9:22:56
2026-04-03 10:31:22  [337/3300] n=60 β=20 seed=47 DONE  adv=0.1346  win_rate=97%  ETA=4 days, 9:06:31
2026-04-03 10:32:36  [338/3300] n=60 β=20 seed=48 DONE  adv=0.2342  win_rate=97%  ETA=4 days, 8:56:30
2026-04-03 10:32:47  [339/3300] n=60 β=20 seed=50 DONE  adv=0.0727  win_rate=97%  ETA=4 days, 8:37:32
2026-04-03 10:33:20  [340/3300] n=60 β=20 seed=49 DONE  adv=0.5237  win_rate=97%  ETA=4 days, 8:21:38
2026-04-03 10:34:34  [341/3300] n=60 β=20 seed=51 DONE  adv=0.3485  win_rate=97%  ETA=4 days, 8:11:57
2026-04-03 10:35:49  [342/3300] n=60 β=20 seed=53 DONE  adv=0.4047  win_rate=97%  ETA=4 days, 8:02:18
2026-04-03 10:36:14  [343/3300] n=60 β=20 seed=52 DONE  adv=0.0147  win_rate=97%  ETA=4 days, 7:45:35
2026-04-03 10:38:15  [344/3300] n=60 β=20 seed=54 DONE  adv=0.4377  win_rate=97%  ETA=4 days, 7:42:49
2026-04-03 10:38:48  [345/3300] n=60 β=20 seed=55 DONE  adv=0.1662  win_rate=97%  ETA=4 days, 7:27:17
2026-04-03 10:38:55  [346/3300] n=60 β=20 seed=57 DONE  adv=-0.0340  win_rate=97%  ETA=4 days, 7:08:18
2026-04-03 10:38:59  [347/3300] n=60 β=20 seed=58 DONE  adv=0.2908  win_rate=97%  ETA=4 days, 6:48:56
2026-04-03 10:39:43  [348/3300] n=60 β=20 seed=56 DONE  adv=0.4622  win_rate=97%  ETA=4 days, 6:35:24
2026-04-03 10:41:25  [349/3300] n=60 β=20 seed=59 DONE  adv=0.4687  win_rate=97%  ETA=4 days, 6:30:04
2026-04-03 10:42:26  [350/3300] n=60 β=20 seed=60 DONE  adv=0.1741  win_rate=97%  ETA=4 days, 6:18:53
2026-04-03 10:42:39  [351/3300] n=60 β=20 seed=61 DONE  adv=0.4916  win_rate=97%  ETA=4 days, 6:01:07
2026-04-03 10:42:45  [352/3300] n=60 β=20 seed=62 DONE  adv=0.3751  win_rate=97%  ETA=4 days, 5:42:37
2026-04-03 10:43:59  [353/3300] n=60 β=20 seed=63 DONE  adv=0.1715  win_rate=97%  ETA=4 days, 5:33:33
2026-04-03 10:44:12  [354/3300] n=60 β=20 seed=64 DONE  adv=-0.0084  win_rate=96%  ETA=4 days, 5:15:58
2026-04-03 10:45:17  [355/3300] n=60 β=20 seed=65 DONE  adv=0.3374  win_rate=96%  ETA=4 days, 5:05:47
2026-04-03 10:47:23  [356/3300] n=60 β=20 seed=66 DONE  adv=0.0476  win_rate=96%  ETA=4 days, 5:04:08
2026-04-03 10:47:42  [357/3300] n=60 β=20 seed=67 DONE  adv=0.6419  win_rate=96%  ETA=4 days, 4:47:38
2026-04-03 10:48:02  [358/3300] n=60 β=20 seed=70 DONE  adv=0.0830  win_rate=96%  ETA=4 days, 4:31:32
2026-04-03 10:48:30  [359/3300] n=60 β=20 seed=69 DONE  adv=0.2668  win_rate=96%  ETA=4 days, 4:16:28
2026-04-03 10:48:42  [360/3300] n=60 β=20 seed=68 DONE  adv=0.5249  win_rate=96%  ETA=4 days, 3:59:23
2026-04-03 10:50:19  [361/3300] n=60 β=20 seed=71 DONE  adv=0.3059  win_rate=96%  ETA=4 days, 3:53:54
2026-04-03 10:51:51  [362/3300] n=60 β=20 seed=73 DONE  adv=0.3007  win_rate=96%  ETA=4 days, 3:47:45
2026-04-03 10:51:52  [363/3300] n=60 β=20 seed=72 DONE  adv=0.3280  win_rate=96%  ETA=4 days, 3:29:23
2026-04-03 10:53:48  [364/3300] n=60 β=20 seed=74 DONE  adv=0.2026  win_rate=96%  ETA=4 days, 3:26:32
2026-04-03 10:54:02  [365/3300] n=60 β=20 seed=75 DONE  adv=0.2456  win_rate=96%  ETA=4 days, 3:09:56
2026-04-03 10:55:06  [366/3300] n=60 β=20 seed=76 DONE  adv=0.4127  win_rate=96%  ETA=4 days, 3:00:17
2026-04-03 10:55:37  [367/3300] n=60 β=20 seed=77 DONE  adv=0.1175  win_rate=96%  ETA=4 days, 2:46:11
2026-04-03 10:56:08  [368/3300] n=60 β=20 seed=78 DONE  adv=0.0305  win_rate=96%  ETA=4 days, 2:32:12
2026-04-03 10:57:27  [369/3300] n=60 β=20 seed=79 DONE  adv=0.5939  win_rate=96%  ETA=4 days, 2:24:38
2026-04-03 10:58:29  [370/3300] n=60 β=20 seed=82 DONE  adv=0.4198  win_rate=96%  ETA=4 days, 2:14:47
2026-04-03 10:58:40  [371/3300] n=60 β=20 seed=81 DONE  adv=0.3108  win_rate=96%  ETA=4 days, 1:58:21
2026-04-03 10:58:51  [372/3300] n=60 β=20 seed=80 DONE  adv=0.2072  win_rate=97%  ETA=4 days, 1:42:04
2026-04-03 10:59:42  [373/3300] n=60 β=20 seed=83 DONE  adv=0.1068  win_rate=97%  ETA=4 days, 1:30:56
2026-04-03 11:00:07  [374/3300] n=60 β=20 seed=84 DONE  adv=0.3299  win_rate=97%  ETA=4 days, 1:16:33
2026-04-03 11:00:31  [375/3300] n=60 β=20 seed=85 DONE  adv=0.4875  win_rate=97%  ETA=4 days, 1:02:06
2026-04-03 11:03:33  [376/3300] n=60 β=20 seed=86 DONE  adv=0.5059  win_rate=97%  ETA=4 days, 1:08:14
2026-04-03 11:03:55  [377/3300] n=60 β=20 seed=87 DONE  adv=0.3503  win_rate=97%  ETA=4 days, 0:53:37
2026-04-03 11:04:12  [378/3300] n=60 β=20 seed=88 DONE  adv=0.1942  win_rate=97%  ETA=4 days, 0:38:28
2026-04-03 11:04:18  [379/3300] n=60 β=20 seed=90 DONE  adv=0.1976  win_rate=97%  ETA=4 days, 0:21:56
2026-04-03 11:04:26  [380/3300] n=60 β=20 seed=89 DONE  adv=0.2424  win_rate=97%  ETA=4 days, 0:05:48
2026-04-03 11:06:22  [381/3300] n=60 β=20 seed=91 DONE  adv=0.2005  win_rate=97%  ETA=4 days, 0:03:35
2026-04-03 11:07:17  [382/3300] n=60 β=20 seed=93 DONE  adv=0.0310  win_rate=97%  ETA=3 days, 23:53:25
2026-04-03 11:08:08  [383/3300] n=60 β=20 seed=92 DONE  adv=0.1981  win_rate=97%  ETA=3 days, 23:43:01
2026-04-03 11:09:37  [384/3300] n=60 β=20 seed=95 DONE  adv=0.4981  win_rate=97%  ETA=3 days, 23:37:21
2026-04-03 11:10:23  [385/3300] n=60 β=20 seed=94 DONE  adv=0.5420  win_rate=97%  ETA=3 days, 23:26:18
2026-04-03 11:10:37  [386/3300] n=60 β=20 seed=96 DONE  adv=0.1296  win_rate=97%  ETA=3 days, 23:11:10
2026-04-03 11:10:59  [387/3300] n=60 β=20 seed=97 DONE  adv=0.5922  win_rate=97%  ETA=3 days, 22:57:16
2026-04-03 11:11:39  [388/3300] n=60 β=20 seed=98 DONE  adv=0.2679  win_rate=97%  ETA=3 days, 22:45:41
2026-04-03 11:13:09  [389/3300] n=60 β=20 seed=99 DONE  adv=0.4198  win_rate=97%  ETA=3 days, 22:40:17
2026-04-03 11:14:49  [390/3300] n=60 β=20 seed=100 DONE  adv=0.6203  win_rate=97%  ETA=3 days, 22:36:15
2026-04-03 11:51:03  [391/3300] n=60 β=30 seed=3 DONE  adv=0.7500  win_rate=97%  ETA=4 days, 2:49:21
2026-04-03 11:51:13  [392/3300] n=60 β=30 seed=1 DONE  adv=0.3888  win_rate=97%  ETA=4 days, 2:33:28
2026-04-03 11:52:25  [393/3300] n=60 β=30 seed=2 DONE  adv=0.4519  win_rate=97%  ETA=4 days, 2:25:09
2026-04-03 11:53:06  [394/3300] n=60 β=30 seed=5 DONE  adv=0.3599  win_rate=97%  ETA=4 days, 2:13:15
2026-04-03 11:53:47  [395/3300] n=60 β=30 seed=6 DONE  adv=0.6215  win_rate=97%  ETA=4 days, 2:01:23
2026-04-03 11:54:27  [396/3300] n=60 β=30 seed=4 DONE  adv=0.2167  win_rate=97%  ETA=4 days, 1:49:17
2026-04-03 11:57:51  [397/3300] n=60 β=30 seed=9 DONE  adv=0.7507  win_rate=97%  ETA=4 days, 1:57:24
2026-04-03 11:58:07  [398/3300] n=60 β=30 seed=8 DONE  adv=0.5569  win_rate=97%  ETA=4 days, 1:42:33
2026-04-03 11:58:15  [399/3300] n=60 β=30 seed=10 DONE  adv=0.4444  win_rate=97%  ETA=4 days, 1:26:48
2026-04-03 11:58:20  [400/3300] n=60 β=30 seed=7 DONE  adv=0.6069  win_rate=97%  ETA=4 days, 1:10:48
2026-04-03 11:59:00  [401/3300] n=60 β=30 seed=11 DONE  adv=0.3240  win_rate=97%  ETA=4 days, 0:59:03
2026-04-03 11:59:42  [402/3300] n=60 β=30 seed=12 DONE  adv=0.6607  win_rate=97%  ETA=4 days, 0:47:38
2026-04-03 12:00:40  [403/3300] n=60 β=30 seed=13 DONE  adv=0.4740  win_rate=97%  ETA=4 days, 0:38:13
2026-04-03 12:02:09  [404/3300] n=60 β=30 seed=14 DONE  adv=0.8354  win_rate=97%  ETA=4 days, 0:32:25
2026-04-03 12:03:20  [405/3300] n=60 β=30 seed=16 DONE  adv=0.6656  win_rate=97%  ETA=4 days, 0:24:39
2026-04-03 12:04:01  [406/3300] n=60 β=30 seed=15 DONE  adv=0.3021  win_rate=97%  ETA=4 days, 0:13:18
2026-04-03 12:04:53  [407/3300] n=60 β=30 seed=17 DONE  adv=0.2916  win_rate=97%  ETA=4 days, 0:03:17
2026-04-03 12:05:32  [408/3300] n=60 β=30 seed=18 DONE  adv=0.8350  win_rate=97%  ETA=3 days, 23:51:47
2026-04-03 12:07:36  [409/3300] n=60 β=30 seed=19 DONE  adv=0.3103  win_rate=97%  ETA=3 days, 23:50:21
2026-04-03 12:09:57  [410/3300] n=60 β=30 seed=20 DONE  adv=0.5492  win_rate=97%  ETA=3 days, 23:50:50
2026-04-03 12:17:52  [411/3300] n=50 β=40 seed=91 DONE  adv=0.1211  win_rate=97%  ETA=4 days, 0:30:29
2026-04-03 12:21:38  [412/3300] n=50 β=40 seed=92 DONE  adv=0.1352  win_rate=97%  ETA=4 days, 0:40:52
2026-04-03 12:22:04  [413/3300] n=50 β=40 seed=93 DONE  adv=0.0960  win_rate=97%  ETA=4 days, 0:27:52
2026-04-03 12:22:23  [414/3300] n=50 β=40 seed=99 DONE  adv=0.0068  win_rate=97%  ETA=4 days, 0:14:02
2026-04-03 12:23:22  [415/3300] n=50 β=40 seed=96 DONE  adv=0.1735  win_rate=97%  ETA=4 days, 0:05:00
2026-04-03 12:23:52  [416/3300] n=50 β=40 seed=94 DONE  adv=0.1884  win_rate=97%  ETA=3 days, 23:52:36
2026-04-03 12:25:30  [417/3300] n=50 β=40 seed=97 DONE  adv=-0.0293  win_rate=97%  ETA=3 days, 23:48:09
2026-04-03 12:25:51  [418/3300] n=50 β=40 seed=95 DONE  adv=0.0473  win_rate=97%  ETA=3 days, 23:34:45
2026-04-03 12:27:10  [419/3300] n=50 β=40 seed=98 DONE  adv=0.0115  win_rate=97%  ETA=3 days, 23:28:13
2026-04-03 12:30:12  [420/3300] n=50 β=40 seed=100 DONE  adv=0.1760  win_rate=97%  ETA=3 days, 23:33:19
2026-04-03 12:44:37  [421/3300] n=60 β=30 seed=22 DONE  adv=0.4313  win_rate=97%  ETA=4 days, 0:56:23
2026-04-03 12:45:47  [422/3300] n=60 β=30 seed=21 DONE  adv=0.4156  win_rate=97%  ETA=4 days, 0:48:29
2026-04-03 12:47:24  [423/3300] n=60 β=30 seed=23 DONE  adv=0.4540  win_rate=97%  ETA=4 days, 0:43:43
2026-04-03 12:47:58  [424/3300] n=60 β=30 seed=25 DONE  adv=0.5458  win_rate=97%  ETA=4 days, 0:31:56
2026-04-03 12:48:57  [425/3300] n=60 β=30 seed=24 DONE  adv=0.5328  win_rate=97%  ETA=4 days, 0:22:54
2026-04-03 12:50:23  [426/3300] n=60 β=30 seed=26 DONE  adv=0.7232  win_rate=97%  ETA=4 days, 0:17:01
2026-04-03 12:51:02  [427/3300] n=60 β=30 seed=27 DONE  adv=0.4448  win_rate=97%  ETA=4 days, 0:05:51
2026-04-03 12:52:52  [428/3300] n=60 β=30 seed=30 DONE  adv=0.5482  win_rate=97%  ETA=4 days, 0:02:40
2026-04-03 12:53:38  [429/3300] n=60 β=30 seed=28 DONE  adv=0.4837  win_rate=97%  ETA=3 days, 23:52:23
2026-04-03 12:53:59  [430/3300] n=60 β=30 seed=31 DONE  adv=0.5486  win_rate=97%  ETA=3 days, 23:39:18
2026-04-03 12:54:07  [431/3300] n=60 β=30 seed=32 DONE  adv=0.7411  win_rate=97%  ETA=3 days, 23:24:56
2026-04-03 12:54:33  [432/3300] n=60 β=30 seed=29 DONE  adv=0.6842  win_rate=97%  ETA=3 days, 23:12:34
2026-04-03 12:55:40  [433/3300] n=60 β=30 seed=34 DONE  adv=0.6268  win_rate=97%  ETA=3 days, 23:04:46
2026-04-03 12:55:47  [434/3300] n=60 β=30 seed=33 DONE  adv=0.3310  win_rate=97%  ETA=3 days, 22:50:25
2026-04-03 12:58:27  [435/3300] n=60 β=30 seed=37 DONE  adv=0.4833  win_rate=97%  ETA=3 days, 22:52:52
2026-04-03 12:58:40  [436/3300] n=60 β=30 seed=36 DONE  adv=0.2712  win_rate=97%  ETA=3 days, 22:39:13
2026-04-03 12:58:57  [437/3300] n=60 β=30 seed=35 DONE  adv=0.3059  win_rate=97%  ETA=3 days, 22:26:08
2026-04-03 12:59:06  [438/3300] n=60 β=30 seed=38 DONE  adv=0.6045  win_rate=97%  ETA=3 days, 22:12:13
2026-04-03 13:02:53  [439/3300] n=60 β=30 seed=39 DONE  adv=0.1962  win_rate=97%  ETA=3 days, 22:22:04
2026-04-03 13:05:29  [440/3300] n=60 β=30 seed=40 DONE  adv=0.3224  win_rate=97%  ETA=3 days, 22:24:05
2026-04-03 13:16:05  Experiment: 3300 total runs
2026-04-03 13:16:05    Already completed: 440 (including 0 migrated)
2026-04-03 13:16:05    Remaining: 2860
2026-04-03 13:16:05    Workers: 22, Timeouts: {20: 7200, 30: 14400, 40: 28800}
2026-04-03 13:17:34  Experiment: 3300 total runs
2026-04-03 13:17:34    Already completed: 440 (including 0 migrated)
2026-04-03 13:17:34    Remaining: 2860
2026-04-03 13:17:34    Workers: 22, Timeouts: {20: 7200, 30: 14400, 40: 28800}
2026-04-03 13:45:57  [1/2860] n=60 β=30 seed=58 DONE  adv=0.7409  win_rate=100%  ETA=59 days, 6:35:51
2026-04-03 13:46:06  [2/2860] n=60 β=30 seed=42 DONE  adv=0.5888  win_rate=100%  ETA=29 days, 18:52:43
2026-04-03 13:46:17  [3/2860] n=60 β=30 seed=51 DONE  adv=0.3749  win_rate=100%  ETA=19 days, 23:10:26
2026-04-03 13:46:47  [4/2860] n=60 β=30 seed=44 DONE  adv=0.6901  win_rate=100%  ETA=15 days, 5:18:39
2026-04-03 13:46:52  [5/2860] n=60 β=30 seed=52 DONE  adv=0.5865  win_rate=100%  ETA=12 days, 4:50:33
2026-04-03 13:46:54  [6/2860] n=60 β=30 seed=53 DONE  adv=0.7295  win_rate=100%  ETA=10 days, 4:14:14
2026-04-03 13:46:54  [7/2860] n=60 β=30 seed=57 DONE  adv=0.5235  win_rate=100%  ETA=8 days, 17:19:31
2026-04-03 13:46:55  [8/2860] n=60 β=30 seed=49 DONE  adv=0.7193  win_rate=100%  ETA=7 days, 15:10:44
2026-04-03 13:47:14  [9/2860] n=60 β=30 seed=41 DONE  adv=0.2224  win_rate=100%  ETA=6 days, 20:24:43
2026-04-03 13:47:20  [10/2860] n=60 β=30 seed=61 DONE  adv=0.4920  win_rate=100%  ETA=6 days, 4:24:27
2026-04-03 13:47:23  [11/2860] n=60 β=30 seed=59 DONE  adv=0.0363  win_rate=100%  ETA=5 days, 15:03:26
2026-04-03 13:47:24  [12/2860] n=60 β=30 seed=55 DONE  adv=0.4393  win_rate=100%  ETA=5 days, 3:51:04
2026-04-03 13:47:31  [13/2860] n=60 β=30 seed=62 DONE  adv=0.4417  win_rate=100%  ETA=4 days, 18:41:25
2026-04-03 13:47:37  [14/2860] n=60 β=30 seed=45 DONE  adv=0.6130  win_rate=100%  ETA=4 days, 10:50:16
2026-04-03 13:47:42  [15/2860] n=60 β=30 seed=43 DONE  adv=0.5739  win_rate=100%  ETA=4 days, 3:54:27
2026-04-03 13:47:57  [16/2860] n=60 β=30 seed=60 DONE  adv=0.3845  win_rate=100%  ETA=3 days, 22:22:57
2026-04-03 13:47:57  [17/2860] n=60 β=30 seed=48 DONE  adv=0.2316  win_rate=100%  ETA=3 days, 16:49:06
2026-04-03 13:47:59  [18/2860] n=60 β=30 seed=46 DONE  adv=0.6761  win_rate=100%  ETA=3 days, 11:56:58
2026-04-03 13:48:09  [19/2860] n=60 β=30 seed=47 DONE  adv=0.5129  win_rate=100%  ETA=3 days, 7:53:42
2026-04-03 13:48:25  [20/2860] n=60 β=30 seed=56 DONE  adv=0.3724  win_rate=100%  ETA=3 days, 4:30:07
2026-04-03 13:48:36  [21/2860] n=60 β=30 seed=50 DONE  adv=0.3317  win_rate=100%  ETA=3 days, 1:15:27
2026-04-03 13:49:06  [22/2860] n=60 β=30 seed=54 DONE  adv=0.5530  win_rate=100%  ETA=2 days, 22:59:16
2026-04-03 14:16:48  [23/2860] n=60 β=30 seed=64 DONE  adv=0.2216  win_rate=100%  ETA=5 days, 4:48:42
2026-04-03 14:17:02  [24/2860] n=60 β=30 seed=69 DONE  adv=0.4858  win_rate=100%  ETA=5 days, 0:01:11
2026-04-03 14:17:07  [25/2860] n=60 β=30 seed=72 DONE  adv=0.6364  win_rate=100%  ETA=4 days, 19:20:16
2026-04-03 14:17:10  [26/2860] n=60 β=30 seed=66 DONE  adv=0.4036  win_rate=100%  ETA=4 days, 14:57:15
2026-04-03 14:17:10  [27/2860] n=60 β=30 seed=67 DONE  adv=0.6011  win_rate=100%  ETA=4 days, 10:49:09
2026-04-03 14:17:21  [28/2860] n=60 β=30 seed=65 DONE  adv=0.7433  win_rate=100%  ETA=4 days, 7:15:51
2026-04-03 14:17:22  [29/2860] n=60 β=30 seed=74 DONE  adv=0.5490  win_rate=100%  ETA=4 days, 3:41:54
2026-04-03 14:17:27  [30/2860] n=60 β=30 seed=63 DONE  adv=0.2595  win_rate=100%  ETA=4 days, 0:29:05
2026-04-03 14:18:07  [31/2860] n=60 β=30 seed=75 DONE  adv=0.1879  win_rate=100%  ETA=3 days, 22:19:48
2026-04-03 14:18:10  [32/2860] n=60 β=30 seed=73 DONE  adv=0.4699  win_rate=100%  ETA=3 days, 19:26:42
2026-04-03 14:18:13  [33/2860] n=60 β=30 seed=76 DONE  adv=0.4669  win_rate=100%  ETA=3 days, 16:42:01
2026-04-03 14:18:32  [34/2860] n=60 β=30 seed=82 DONE  adv=0.4602  win_rate=100%  ETA=3 days, 14:29:31
2026-04-03 14:18:41  [35/2860] n=60 β=30 seed=68 DONE  adv=0.7306  win_rate=100%  ETA=3 days, 12:11:35
2026-04-03 14:18:43  [36/2860] n=60 β=30 seed=81 DONE  adv=0.3216  win_rate=100%  ETA=3 days, 9:52:18
2026-04-03 14:19:12  [37/2860] n=60 β=30 seed=84 DONE  adv=0.1819  win_rate=100%  ETA=3 days, 8:15:02
2026-04-03 14:19:12  [38/2860] n=60 β=30 seed=83 DONE  adv=0.4814  win_rate=100%  ETA=3 days, 6:06:42
2026-04-03 14:19:15  [39/2860] n=60 β=30 seed=70 DONE  adv=0.2546  win_rate=100%  ETA=3 days, 4:08:48
2026-04-03 14:19:16  [40/2860] n=60 β=30 seed=80 DONE  adv=0.4421  win_rate=100%  ETA=3 days, 2:14:26
2026-04-03 14:19:30  [41/2860] n=60 β=30 seed=71 DONE  adv=0.3061  win_rate=100%  ETA=3 days, 0:40:24
2026-04-03 14:19:31  [42/2860] n=60 β=30 seed=77 DONE  adv=0.6319  win_rate=100%  ETA=2 days, 22:56:12
2026-04-03 14:19:32  [43/2860] n=60 β=30 seed=79 DONE  adv=0.4786  win_rate=100%  ETA=2 days, 21:15:51
2026-04-03 14:19:46  [44/2860] n=60 β=30 seed=78 DONE  adv=0.3341  win_rate=100%  ETA=2 days, 19:55:44
2026-04-03 14:47:30  [45/2860] n=60 β=30 seed=87 DONE  adv=0.5142  win_rate=100%  ETA=3 days, 23:18:02
2026-04-03 14:47:38  [46/2860] n=60 β=30 seed=92 DONE  adv=0.5811  win_rate=100%  ETA=3 days, 21:20:22
2026-04-03 14:47:49  [47/2860] n=60 β=30 seed=88 DONE  adv=0.3582  win_rate=100%  ETA=3 days, 19:30:11
2026-04-03 14:47:54  [48/2860] n=60 β=30 seed=85 DONE  adv=0.5872  win_rate=100%  ETA=3 days, 17:38:08
2026-04-03 14:47:54  [49/2860] n=60 β=30 seed=90 DONE  adv=0.5102  win_rate=100%  ETA=3 days, 15:46:48
2026-04-03 14:47:54  [50/2860] n=60 β=30 seed=91 DONE  adv=0.5355  win_rate=100%  ETA=3 days, 13:59:55
2026-04-03 14:48:11  [51/2860] n=60 β=30 seed=96 DONE  adv=0.6392  win_rate=100%  ETA=3 days, 12:32:36
2026-04-03 14:48:33  [52/2860] n=60 β=30 seed=86 DONE  adv=0.1946  win_rate=100%  ETA=3 days, 11:12:31
2026-04-03 14:48:35  [53/2860] n=60 β=30 seed=98 DONE  adv=0.8754  win_rate=100%  ETA=3 days, 9:38:36
2026-04-03 14:48:44  [54/2860] n=60 β=30 seed=93 DONE  adv=0.5113  win_rate=100%  ETA=3 days, 8:14:15
2026-04-03 14:48:47  [55/2860] n=60 β=30 seed=89 DONE  adv=0.5743  win_rate=100%  ETA=3 days, 6:47:43
2026-04-03 14:48:52  [56/2860] n=60 β=30 seed=95 DONE  adv=0.3630  win_rate=100%  ETA=3 days, 5:25:10
2026-04-03 14:48:57  [57/2860] n=60 β=30 seed=99 DONE  adv=0.5589  win_rate=100%  ETA=3 days, 4:06:35
2026-04-03 14:49:18  [58/2860] n=60 β=30 seed=97 DONE  adv=0.7783  win_rate=100%  ETA=3 days, 3:03:14
2026-04-03 14:49:45  [59/2860] n=60 β=30 seed=94 DONE  adv=0.3960  win_rate=100%  ETA=3 days, 2:06:18
2026-04-03 14:50:07  [60/2860] n=60 β=30 seed=100 DONE  adv=0.4157  win_rate=100%  ETA=3 days, 1:08:03
2026-04-03 16:36:30  [61/2860] n=60 β=40 seed=5 DONE  adv=0.2348  win_rate=100%  ETA=6 days, 9:15:49
2026-04-03 16:38:28  [62/2860] n=60 β=40 seed=1 DONE  adv=0.3765  win_rate=100%  ETA=6 days, 8:12:49
2026-04-03 16:39:24  [63/2860] n=60 β=40 seed=6 DONE  adv=0.2281  win_rate=100%  ETA=6 days, 6:26:01
2026-04-03 16:40:11  [64/2860] n=60 β=40 seed=2 DONE  adv=0.2830  win_rate=100%  ETA=6 days, 4:36:42
2026-04-03 16:40:29  [65/2860] n=60 β=40 seed=4 DONE  adv=-0.0176  win_rate=98%  ETA=6 days, 2:29:09
2026-04-03 16:40:40  [66/2860] n=60 β=40 seed=3 DONE  adv=0.1614  win_rate=98%  ETA=6 days, 0:20:06
2026-04-03 17:06:22  [67/2860] n=60 β=40 seed=12 DONE  adv=0.2025  win_rate=99%  ETA=6 days, 15:59:31
2026-04-03 17:06:28  [68/2860] n=60 β=40 seed=7 DONE  adv=0.2386  win_rate=99%  ETA=6 days, 13:38:53
2026-04-03 17:06:59  [69/2860] n=60 β=40 seed=17 DONE  adv=0.3679  win_rate=99%  ETA=6 days, 11:39:42
2026-04-03 17:07:08  [70/2860] n=60 β=40 seed=8 DONE  adv=0.2269  win_rate=99%  ETA=6 days, 9:28:38
2026-04-03 17:07:11  [71/2860] n=60 β=40 seed=13 DONE  adv=0.0821  win_rate=99%  ETA=6 days, 7:17:27
2026-04-03 17:07:54  [72/2860] n=60 β=40 seed=15 DONE  adv=0.3323  win_rate=99%  ETA=6 days, 5:36:01
2026-04-03 17:08:01  [73/2860] n=60 β=40 seed=21 DONE  adv=0.0508  win_rate=99%  ETA=6 days, 3:34:22
2026-04-03 17:08:17  [74/2860] n=60 β=40 seed=9 DONE  adv=0.1906  win_rate=99%  ETA=6 days, 1:41:44
2026-04-03 17:08:18  [75/2860] n=60 β=40 seed=18 DONE  adv=0.1877  win_rate=99%  ETA=5 days, 23:42:27
2026-04-03 17:08:22  [76/2860] n=60 β=40 seed=14 DONE  adv=0.2552  win_rate=99%  ETA=5 days, 21:48:33
2026-04-03 17:08:26  [77/2860] n=60 β=40 seed=11 DONE  adv=0.2679  win_rate=99%  ETA=5 days, 19:57:31
2026-04-03 17:08:55  [78/2860] n=60 β=40 seed=20 DONE  adv=0.3255  win_rate=99%  ETA=5 days, 18:23:59
2026-04-03 17:08:55  [79/2860] n=60 β=40 seed=22 DONE  adv=0.2929  win_rate=99%  ETA=5 days, 16:35:56
2026-04-03 17:09:39  [80/2860] n=60 β=40 seed=19 DONE  adv=0.2358  win_rate=99%  ETA=5 days, 15:16:21
2026-04-03 17:11:39  [81/2860] n=60 β=40 seed=10 DONE  adv=0.0897  win_rate=99%  ETA=5 days, 14:41:41
2026-04-03 17:12:57  [82/2860] n=60 β=40 seed=16 DONE  adv=0.1943  win_rate=99%  ETA=5 days, 13:44:22
2026-04-03 18:55:01  [83/2860] n=60 β=40 seed=23 DONE  adv=0.3228  win_rate=99%  ETA=7 days, 20:59:34
2026-04-03 18:58:23  [84/2860] n=60 β=40 seed=28 DONE  adv=0.4053  win_rate=99%  ETA=7 days, 20:32:09
2026-04-03 18:59:04  [85/2860] n=60 β=40 seed=27 DONE  adv=0.3840  win_rate=99%  ETA=7 days, 18:37:01
2026-04-03 18:59:18  [86/2860] n=60 β=40 seed=25 DONE  adv=0.3032  win_rate=99%  ETA=7 days, 16:30:16
2026-04-03 18:59:57  [87/2860] n=60 β=40 seed=24 DONE  adv=0.3213  win_rate=99%  ETA=7 days, 14:40:14
2026-04-03 19:01:41  [88/2860] n=60 β=40 seed=26 DONE  adv=0.1041  win_rate=99%  ETA=7 days, 13:26:12
2026-04-03 19:24:27  [89/2860] n=60 β=40 seed=32 DONE  adv=0.2265  win_rate=99%  ETA=7 days, 23:08:39
2026-04-03 19:24:35  [90/2860] n=60 β=40 seed=29 DONE  adv=0.3582  win_rate=99%  ETA=7 days, 21:01:40
2026-04-03 19:26:09  [91/2860] n=60 β=40 seed=37 DONE  adv=0.3994  win_rate=99%  ETA=7 days, 19:40:22
2026-04-03 19:26:13  [92/2860] n=60 β=40 seed=31 DONE  adv=0.3460  win_rate=99%  ETA=7 days, 17:35:53
2026-04-03 19:26:26  [93/2860] n=60 β=40 seed=34 DONE  adv=0.1805  win_rate=99%  ETA=7 days, 15:38:34
2026-04-03 19:26:29  [94/2860] n=60 β=40 seed=30 DONE  adv=0.1450  win_rate=99%  ETA=7 days, 13:39:00
2026-04-03 19:26:31  [95/2860] n=60 β=40 seed=39 DONE  adv=0.3952  win_rate=99%  ETA=7 days, 11:41:33
2026-04-03 19:26:45  [96/2860] n=60 β=40 seed=41 DONE  adv=0.4633  win_rate=99%  ETA=7 days, 9:51:46
2026-04-03 19:26:49  [97/2860] n=60 β=40 seed=35 DONE  adv=0.1714  win_rate=99%  ETA=7 days, 7:59:46
2026-04-03 19:26:55  [98/2860] n=60 β=40 seed=42 DONE  adv=0.0244  win_rate=99%  ETA=7 days, 6:11:30
2026-04-03 19:27:05  [99/2860] n=60 β=40 seed=33 DONE  adv=0.1823  win_rate=99%  ETA=7 days, 4:26:36
2026-04-03 19:27:35  [100/2860] n=60 β=40 seed=40 DONE  adv=0.2970  win_rate=99%  ETA=7 days, 2:53:06
2026-04-03 19:28:40  [101/2860] n=60 β=40 seed=36 DONE  adv=0.3382  win_rate=99%  ETA=7 days, 1:37:45
2026-04-03 19:30:38  [102/2860] n=60 β=40 seed=43 DONE  adv=0.2173  win_rate=99%  ETA=7 days, 0:47:16
2026-04-03 19:30:47  [103/2860] n=60 β=40 seed=38 DONE  adv=0.2585  win_rate=99%  ETA=6 days, 23:09:16
2026-04-03 19:35:46  [104/2860] n=60 β=40 seed=44 DONE  adv=0.1293  win_rate=99%  ETA=6 days, 23:41:33
2026-04-03 21:14:33  [105/2860] n=60 β=40 seed=45 DONE  adv=0.2242  win_rate=99%  ETA=8 days, 17:13:55
2026-04-03 21:18:32  [106/2860] n=60 β=40 seed=46 DONE  adv=0.1871  win_rate=99%  ETA=8 days, 16:54:32
2026-04-03 21:18:35  [107/2860] n=60 β=40 seed=48 DONE  adv=0.2117  win_rate=99%  ETA=8 days, 14:54:01
2026-04-03 21:19:44  [108/2860] n=60 β=40 seed=47 DONE  adv=0.3690  win_rate=99%  ETA=8 days, 13:23:48
2026-04-03 21:20:10  [109/2860] n=60 β=40 seed=49 DONE  adv=0.1515  win_rate=99%  ETA=8 days, 11:37:34
2026-04-03 21:20:23  [110/2860] n=60 β=40 seed=50 DONE  adv=0.3410  win_rate=99%  ETA=8 days, 9:47:27
2026-04-03 21:41:03  [111/2860] n=60 β=40 seed=51 DONE  adv=0.2712  win_rate=99%  ETA=8 days, 16:25:34
2026-04-03 21:41:30  [112/2860] n=60 β=40 seed=58 DONE  adv=0.2993  win_rate=99%  ETA=8 days, 14:40:30
2026-04-03 21:41:36  [113/2860] n=60 β=40 seed=52 DONE  adv=0.3593  win_rate=99%  ETA=8 days, 12:48:52
2026-04-03 21:42:56  [114/2860] n=60 β=40 seed=55 DONE  adv=-0.0038  win_rate=98%  ETA=8 days, 11:28:36
2026-04-03 21:43:37  [115/2860] n=60 β=40 seed=53 DONE  adv=0.1671  win_rate=98%  ETA=8 days, 9:54:30
2026-04-03 21:43:48  [116/2860] n=60 β=40 seed=57 DONE  adv=0.2348  win_rate=98%  ETA=8 days, 8:10:01
2026-04-03 21:44:33  [117/2860] n=60 β=40 seed=56 DONE  adv=0.2238  win_rate=98%  ETA=8 days, 6:40:38
2026-04-03 21:45:17  [118/2860] n=60 β=40 seed=59 DONE  adv=0.2565  win_rate=98%  ETA=8 days, 5:12:12
2026-04-03 21:45:27  [119/2860] n=60 β=40 seed=54 DONE  adv=0.1304  win_rate=98%  ETA=8 days, 3:32:17
2026-04-03 21:45:44  [120/2860] n=60 β=40 seed=60 DONE  adv=0.1753  win_rate=98%  ETA=8 days, 1:57:02
2026-04-03 21:46:15  [121/2860] n=60 β=40 seed=64 DONE  adv=0.2744  win_rate=98%  ETA=8 days, 0:28:06
2026-04-03 21:47:19  [122/2860] n=60 β=40 seed=62 DONE  adv=0.1727  win_rate=98%  ETA=7 days, 23:13:22
2026-04-03 21:48:33  [123/2860] n=60 β=40 seed=63 DONE  adv=0.0139  win_rate=98%  ETA=7 days, 22:03:28
2026-04-03 21:49:10  [124/2860] n=60 β=40 seed=61 DONE  adv=-0.0539  win_rate=98%  ETA=7 days, 20:40:39
2026-04-03 21:51:00  [125/2860] n=60 β=40 seed=65 DONE  adv=0.3440  win_rate=98%  ETA=7 days, 19:46:19
2026-04-03 21:55:33  [126/2860] n=60 β=40 seed=66 DONE  adv=0.2691  win_rate=98%  ETA=7 days, 19:51:30
2026-04-03 23:28:33  [127/2860] n=60 β=40 seed=67 DONE  adv=0.2314  win_rate=98%  ETA=9 days, 3:40:05
2026-04-03 23:32:47  [128/2860] n=60 β=40 seed=69 DONE  adv=0.2648  win_rate=98%  ETA=9 days, 3:22:34
2026-04-03 23:35:24  [129/2860] n=60 β=40 seed=68 DONE  adv=0.2921  win_rate=98%  ETA=9 days, 2:31:01
2026-04-03 23:36:28  [130/2860] n=60 β=40 seed=72 DONE  adv=0.4612  win_rate=98%  ETA=9 days, 1:08:00
2026-04-03 23:37:15  [131/2860] n=60 β=40 seed=70 DONE  adv=0.2793  win_rate=98%  ETA=8 days, 23:40:01
2026-04-03 23:39:59  [132/2860] n=60 β=40 seed=71 DONE  adv=0.1905  win_rate=98%  ETA=8 days, 22:53:55
2026-04-03 23:57:02  [133/2860] n=60 β=40 seed=74 DONE  adv=0.2870  win_rate=98%  ETA=9 days, 3:01:50
2026-04-04 00:00:09  [134/2860] n=60 β=40 seed=73 DONE  adv=0.0440  win_rate=98%  ETA=9 days, 2:22:13
2026-04-04 00:00:29  [135/2860] n=60 β=40 seed=75 DONE  adv=0.0455  win_rate=98%  ETA=9 days, 0:47:15
2026-04-04 00:00:57  [136/2860] n=60 β=40 seed=83 DONE  adv=0.3930  win_rate=98%  ETA=8 days, 23:16:10
2026-04-04 00:01:27  [137/2860] n=60 β=40 seed=77 DONE  adv=0.2108  win_rate=98%  ETA=8 days, 21:47:02
2026-04-04 00:02:08  [138/2860] n=60 β=40 seed=82 DONE  adv=0.1570  win_rate=98%  ETA=8 days, 20:23:07
2026-04-04 00:02:15  [139/2860] n=60 β=40 seed=78 DONE  adv=0.3646  win_rate=98%  ETA=8 days, 18:48:49
2026-04-04 00:03:31  [140/2860] n=60 β=40 seed=79 DONE  adv=0.2478  win_rate=98%  ETA=8 days, 17:38:35
2026-04-04 00:04:27  [141/2860] n=60 β=40 seed=76 DONE  adv=0.1516  win_rate=98%  ETA=8 days, 16:22:38
2026-04-04 00:04:44  [142/2860] n=60 β=40 seed=80 DONE  adv=0.0605  win_rate=98%  ETA=8 days, 14:55:31
2026-04-04 00:06:20  [143/2860] n=60 β=40 seed=81 DONE  adv=0.1019  win_rate=98%  ETA=8 days, 13:54:40
2026-04-04 00:06:53  [144/2860] n=60 β=40 seed=84 DONE  adv=0.1385  win_rate=98%  ETA=8 days, 12:34:43
2026-04-04 00:07:29  [145/2860] n=60 β=40 seed=85 DONE  adv=0.2406  win_rate=98%  ETA=8 days, 11:16:48
2026-04-04 00:07:45  [146/2860] n=60 β=40 seed=87 DONE  adv=0.3157  win_rate=98%  ETA=8 days, 9:53:43
2026-04-04 00:11:10  [147/2860] n=60 β=40 seed=86 DONE  adv=0.2947  win_rate=98%  ETA=8 days, 9:30:04
2026-04-04 00:14:12  [148/2860] n=70 β=20 seed=1 DONE  adv=0.2395  win_rate=98%  ETA=8 days, 8:59:33
2026-04-04 00:15:23  [149/2860] n=60 β=40 seed=88 DONE  adv=0.3584  win_rate=98%  ETA=8 days, 7:55:31
2026-04-04 00:15:32  [150/2860] n=70 β=20 seed=2 DONE  adv=0.5792  win_rate=98%  ETA=8 days, 6:33:58
2026-04-04 00:16:31  [151/2860] n=70 β=20 seed=3 DONE  adv=0.5097  win_rate=98%  ETA=8 days, 5:28:26
2026-04-04 00:16:35  [152/2860] n=70 β=20 seed=4 DONE  adv=0.5546  win_rate=98%  ETA=8 days, 4:07:20
2026-04-04 00:18:14  [153/2860] n=70 β=20 seed=5 DONE  adv=0.4252  win_rate=98%  ETA=8 days, 3:15:08
2026-04-04 00:18:44  [154/2860] n=70 β=20 seed=6 DONE  adv=0.3753  win_rate=98%  ETA=8 days, 2:03:41
2026-04-04 00:19:15  [155/2860] n=70 β=20 seed=7 DONE  adv=0.2543  win_rate=98%  ETA=8 days, 0:53:12
2026-04-04 00:19:24  [156/2860] n=70 β=20 seed=8 DONE  adv=0.5880  win_rate=98%  ETA=7 days, 23:37:23
2026-04-04 00:22:30  [157/2860] n=70 β=20 seed=9 DONE  adv=0.1025  win_rate=98%  ETA=7 days, 23:13:19
2026-04-04 00:25:59  [158/2860] n=70 β=20 seed=10 DONE  adv=0.4712  win_rate=98%  ETA=7 days, 22:55:55
2026-04-04 00:27:00  [159/2860] n=70 β=20 seed=11 DONE  adv=0.3948  win_rate=98%  ETA=7 days, 21:57:05
2026-04-04 00:27:35  [160/2860] n=70 β=20 seed=12 DONE  adv=0.4446  win_rate=98%  ETA=7 days, 20:51:21
2026-04-04 00:28:05  [161/2860] n=70 β=20 seed=14 DONE  adv=0.1928  win_rate=98%  ETA=7 days, 19:45:20
2026-04-04 00:29:01  [162/2860] n=70 β=20 seed=13 DONE  adv=0.1986  win_rate=98%  ETA=7 days, 18:47:06
2026-04-04 00:29:42  [163/2860] n=70 β=20 seed=15 DONE  adv=0.1956  win_rate=98%  ETA=7 days, 17:45:36
2026-04-04 00:30:08  [164/2860] n=70 β=20 seed=16 DONE  adv=0.2434  win_rate=98%  ETA=7 days, 16:40:31
2026-04-04 00:31:06  [165/2860] n=70 β=20 seed=17 DONE  adv=0.4233  win_rate=98%  ETA=7 days, 15:45:09
2026-04-04 00:31:21  [166/2860] n=70 β=20 seed=18 DONE  adv=0.5070  win_rate=98%  ETA=7 days, 14:38:39
2026-04-04 00:34:48  [167/2860] n=70 β=20 seed=19 DONE  adv=0.0497  win_rate=98%  ETA=7 days, 14:24:40
2026-04-04 00:38:04  [168/2860] n=70 β=20 seed=20 DONE  adv=0.4267  win_rate=98%  ETA=7 days, 14:07:47
2026-04-04 00:38:58  [169/2860] n=70 β=20 seed=21 DONE  adv=0.4404  win_rate=98%  ETA=7 days, 13:13:34
2026-04-04 00:39:29  [170/2860] n=70 β=20 seed=22 DONE  adv=0.4552  win_rate=98%  ETA=7 days, 12:13:35
2026-04-04 00:40:11  [171/2860] n=70 β=20 seed=23 DONE  adv=-0.0011  win_rate=98%  ETA=7 days, 11:17:30
2026-04-04 00:41:31  [172/2860] n=70 β=20 seed=25 DONE  adv=0.5741  win_rate=98%  ETA=7 days, 10:31:53
2026-04-04 00:41:49  [173/2860] n=70 β=20 seed=26 DONE  adv=0.7203  win_rate=98%  ETA=7 days, 9:30:32
2026-04-04 00:42:33  [174/2860] n=70 β=20 seed=24 DONE  adv=0.5343  win_rate=98%  ETA=7 days, 8:36:42
2026-04-04 00:43:19  [175/2860] n=70 β=20 seed=27 DONE  adv=0.5194  win_rate=98%  ETA=7 days, 7:44:03
2026-04-04 00:43:19  [176/2860] n=70 β=20 seed=28 DONE  adv=0.2994  win_rate=98%  ETA=7 days, 6:40:15
2026-04-04 00:46:25  [177/2860] n=70 β=20 seed=29 DONE  adv=0.4907  win_rate=98%  ETA=7 days, 6:24:13
2026-04-04 00:50:10  [178/2860] n=70 β=20 seed=30 DONE  adv=0.6597  win_rate=98%  ETA=7 days, 6:17:51
2026-04-04 00:50:50  [179/2860] n=70 β=20 seed=31 DONE  adv=0.3883  win_rate=98%  ETA=7 days, 5:25:39
2026-04-04 00:51:13  [180/2860] n=70 β=20 seed=32 DONE  adv=0.2345  win_rate=98%  ETA=7 days, 4:29:32
2026-04-04 00:51:53  [181/2860] n=70 β=20 seed=33 DONE  adv=0.2960  win_rate=98%  ETA=7 days, 3:38:38
2026-04-04 00:53:46  [182/2860] n=70 β=20 seed=35 DONE  adv=0.4346  win_rate=98%  ETA=7 days, 3:05:50
2026-04-04 00:53:53  [183/2860] n=70 β=20 seed=34 DONE  adv=0.4778  win_rate=98%  ETA=7 days, 2:07:43
2026-04-04 00:55:02  [184/2860] n=70 β=20 seed=36 DONE  adv=0.2016  win_rate=98%  ETA=7 days, 1:25:08
2026-04-04 00:55:05  [185/2860] n=70 β=20 seed=37 DONE  adv=0.2174  win_rate=98%  ETA=7 days, 0:26:59
2026-04-04 00:55:07  [186/2860] n=70 β=20 seed=38 DONE  adv=0.3477  win_rate=98%  ETA=6 days, 23:29:25
2026-04-04 00:58:13  [187/2860] n=70 β=20 seed=39 DONE  adv=0.5505  win_rate=98%  ETA=6 days, 23:16:21
2026-04-04 01:02:24  [188/2860] n=70 β=20 seed=41 DONE  adv=0.2502  win_rate=98%  ETA=6 days, 23:18:41
2026-04-04 01:02:33  [189/2860] n=70 β=20 seed=40 DONE  adv=0.3631  win_rate=98%  ETA=6 days, 22:23:49
2026-04-04 01:03:36  [190/2860] n=70 β=20 seed=43 DONE  adv=0.2554  win_rate=98%  ETA=6 days, 21:42:25
2026-04-04 01:03:55  [191/2860] n=70 β=20 seed=42 DONE  adv=0.1639  win_rate=98%  ETA=6 days, 20:51:08
2026-04-04 01:05:13  [192/2860] n=70 β=20 seed=44 DONE  adv=0.3681  win_rate=98%  ETA=6 days, 20:14:01
2026-04-04 01:05:30  [193/2860] n=70 β=20 seed=45 DONE  adv=0.5022  win_rate=98%  ETA=6 days, 19:23:10
2026-04-04 01:06:34  [194/2860] n=70 β=20 seed=46 DONE  adv=0.3693  win_rate=98%  ETA=6 days, 18:43:27
2026-04-04 01:06:49  [195/2860] n=70 β=20 seed=47 DONE  adv=0.4481  win_rate=98%  ETA=6 days, 17:53:14
2026-04-04 01:07:53  [196/2860] n=70 β=20 seed=48 DONE  adv=0.5391  win_rate=98%  ETA=6 days, 17:14:30
2026-04-04 01:09:44  [197/2860] n=70 β=20 seed=49 DONE  adv=0.5049  win_rate=98%  ETA=6 days, 16:46:57
2026-04-04 01:13:53  [198/2860] n=70 β=20 seed=50 DONE  adv=0.5667  win_rate=98%  ETA=6 days, 16:50:19
2026-04-04 01:13:53  [199/2860] n=70 β=20 seed=51 DONE  adv=0.2947  win_rate=98%  ETA=6 days, 15:58:19
2026-04-04 01:14:57  [200/2860] n=70 β=20 seed=52 DONE  adv=0.3584  win_rate=98%  ETA=6 days, 15:20:55
2026-04-04 01:15:25  [201/2860] n=70 β=20 seed=53 DONE  adv=0.5524  win_rate=98%  ETA=6 days, 14:35:47
2026-04-04 01:16:21  [202/2860] n=70 β=20 seed=54 DONE  adv=0.6140  win_rate=98%  ETA=6 days, 13:57:28
2026-04-04 01:17:06  [203/2860] n=70 β=20 seed=55 DONE  adv=0.6100  win_rate=98%  ETA=6 days, 13:16:59
2026-04-04 01:17:54  [204/2860] n=70 β=20 seed=56 DONE  adv=0.2042  win_rate=98%  ETA=6 days, 12:37:39
2026-04-04 01:18:54  [205/2860] n=70 β=20 seed=57 DONE  adv=0.6470  win_rate=98%  ETA=6 days, 12:01:11
2026-04-04 01:19:20  [206/2860] n=70 β=20 seed=58 DONE  adv=0.4957  win_rate=98%  ETA=6 days, 11:17:52
2026-04-04 01:21:06  [207/2860] n=70 β=20 seed=59 DONE  adv=0.5590  win_rate=98%  ETA=6 days, 10:52:04
2026-04-04 01:25:14  [208/2860] n=70 β=20 seed=60 DONE  adv=0.5233  win_rate=98%  ETA=6 days, 10:56:36
2026-04-04 01:26:03  [209/2860] n=70 β=20 seed=62 DONE  adv=0.5393  win_rate=98%  ETA=6 days, 10:19:03
2026-04-04 01:26:25  [210/2860] n=70 β=20 seed=61 DONE  adv=0.5448  win_rate=98%  ETA=6 days, 9:35:55
2026-04-04 01:26:50  [211/2860] n=70 β=20 seed=63 DONE  adv=0.3484  win_rate=98%  ETA=6 days, 8:54:06
2026-04-04 01:27:34  [212/2860] n=70 β=20 seed=64 DONE  adv=0.1933  win_rate=98%  ETA=6 days, 8:16:31
2026-04-04 01:28:42  [213/2860] n=70 β=20 seed=65 DONE  adv=0.3543  win_rate=98%  ETA=6 days, 7:44:17
2026-04-04 01:29:08  [214/2860] n=70 β=20 seed=66 DONE  adv=0.6910  win_rate=98%  ETA=6 days, 7:03:39
2026-04-04 01:30:13  [215/2860] n=70 β=20 seed=67 DONE  adv=0.1503  win_rate=98%  ETA=6 days, 6:31:32
2026-04-04 01:30:47  [216/2860] n=70 β=20 seed=68 DONE  adv=0.9084  win_rate=98%  ETA=6 days, 5:53:09
2026-04-04 01:32:41  [217/2860] n=70 β=20 seed=69 DONE  adv=0.5950  win_rate=98%  ETA=6 days, 5:31:35
2026-04-04 01:36:54  [218/2860] n=70 β=20 seed=70 DONE  adv=0.3198  win_rate=98%  ETA=6 days, 5:38:03
2026-04-04 01:37:32  [219/2860] n=70 β=20 seed=71 DONE  adv=0.2243  win_rate=98%  ETA=6 days, 5:01:21
2026-04-04 01:37:49  [220/2860] n=70 β=20 seed=72 DONE  adv=0.7273  win_rate=98%  ETA=6 days, 4:20:48
2026-04-04 01:38:08  [221/2860] n=70 β=20 seed=73 DONE  adv=0.4678  win_rate=98%  ETA=6 days, 3:40:55
2026-04-04 01:38:45  [222/2860] n=70 β=20 seed=74 DONE  adv=0.5901  win_rate=98%  ETA=6 days, 3:05:00
2026-04-04 01:40:13  [223/2860] n=70 β=20 seed=75 DONE  adv=0.4721  win_rate=98%  ETA=6 days, 2:39:20
2026-04-04 01:40:46  [224/2860] n=70 β=20 seed=76 DONE  adv=0.2396  win_rate=98%  ETA=6 days, 2:03:10
2026-04-04 01:42:00  [225/2860] n=70 β=20 seed=78 DONE  adv=0.2066  win_rate=98%  ETA=6 days, 1:35:25
2026-04-04 01:42:34  [226/2860] n=70 β=20 seed=77 DONE  adv=0.4752  win_rate=98%  ETA=6 days, 1:00:10
2026-04-04 01:45:02  [227/2860] n=70 β=20 seed=79 DONE  adv=0.5686  win_rate=98%  ETA=6 days, 0:47:03
2026-04-04 01:47:53  [228/2860] n=70 β=20 seed=80 DONE  adv=0.4990  win_rate=98%  ETA=6 days, 0:38:36
2026-04-04 01:48:50  [229/2860] n=60 β=40 seed=89 DONE  adv=0.2246  win_rate=98%  ETA=6 days, 0:08:19
2026-04-04 01:48:58  [230/2860] n=70 β=20 seed=81 DONE  adv=0.4750  win_rate=98%  ETA=5 days, 23:28:54
2026-04-04 01:49:17  [231/2860] n=70 β=20 seed=82 DONE  adv=0.3885  win_rate=98%  ETA=5 days, 22:52:07
2026-04-04 01:49:48  [232/2860] n=70 β=20 seed=83 DONE  adv=0.3783  win_rate=98%  ETA=5 days, 22:17:39
2026-04-04 01:51:00  [233/2860] n=70 β=20 seed=84 DONE  adv=0.2305  win_rate=98%  ETA=5 days, 21:51:27
2026-04-04 01:52:15  [234/2860] n=70 β=20 seed=85 DONE  adv=0.4467  win_rate=98%  ETA=5 days, 21:25:46
2026-04-04 01:52:28  [235/2860] n=70 β=20 seed=86 DONE  adv=0.5607  win_rate=98%  ETA=5 days, 20:48:50
2026-04-04 01:52:47  [236/2860] n=60 β=40 seed=90 DONE  adv=0.2085  win_rate=98%  ETA=5 days, 20:13:28
2026-04-04 01:52:49  [237/2860] n=60 β=40 seed=91 DONE  adv=0.2084  win_rate=98%  ETA=5 days, 19:35:01
2026-04-04 01:52:49  [238/2860] n=60 β=40 seed=92 DONE  adv=0.0573  win_rate=98%  ETA=5 days, 18:56:40
2026-04-04 01:53:08  [239/2860] n=70 β=20 seed=87 DONE  adv=0.3378  win_rate=98%  ETA=5 days, 18:22:06
2026-04-04 01:54:15  [240/2860] n=70 β=20 seed=88 DONE  adv=0.3262  win_rate=98%  ETA=5 days, 17:56:36
2026-04-04 01:56:27  [241/2860] n=70 β=20 seed=89 DONE  adv=0.3988  win_rate=98%  ETA=5 days, 17:43:03
2026-04-04 01:56:58  [242/2860] n=60 β=40 seed=93 DONE  adv=0.2322  win_rate=98%  ETA=5 days, 17:11:21
2026-04-04 01:59:56  [243/2860] n=70 β=20 seed=90 DONE  adv=0.3586  win_rate=98%  ETA=5 days, 17:06:14
2026-04-04 02:00:13  [244/2860] n=70 β=20 seed=91 DONE  adv=0.2271  win_rate=98%  ETA=5 days, 16:32:31
2026-04-04 02:00:36  [245/2860] n=60 β=40 seed=94 DONE  adv=0.1521  win_rate=98%  ETA=5 days, 15:59:57
2026-04-04 02:00:51  [246/2860] n=70 β=20 seed=93 DONE  adv=0.6303  win_rate=98%  ETA=5 days, 15:26:18
2026-04-04 02:01:19  [247/2860] n=70 β=20 seed=94 DONE  adv=0.1195  win_rate=98%  ETA=5 days, 14:55:15
2026-04-04 02:01:30  [248/2860] n=70 β=20 seed=92 DONE  adv=0.2636  win_rate=98%  ETA=5 days, 14:21:26
2026-04-04 02:02:25  [249/2860] n=70 β=20 seed=95 DONE  adv=0.5633  win_rate=98%  ETA=5 days, 13:55:41
2026-04-04 02:03:43  [250/2860] n=70 β=20 seed=97 DONE  adv=0.4723  win_rate=98%  ETA=5 days, 13:33:59
2026-04-04 02:04:05  [251/2860] n=70 β=20 seed=98 DONE  adv=0.3199  win_rate=98%  ETA=5 days, 13:02:47
2026-04-04 02:04:21  [252/2860] n=70 β=20 seed=100 DONE  adv=0.6615  win_rate=98%  ETA=5 days, 12:30:52
2026-04-04 02:04:45  [253/2860] n=70 β=20 seed=96 DONE  adv=0.4931  win_rate=98%  ETA=5 days, 12:00:36
2026-04-04 02:04:46  [254/2860] n=70 β=20 seed=99 DONE  adv=0.3407  win_rate=98%  ETA=5 days, 11:26:27
2026-04-04 02:14:25  [255/2860] n=60 β=40 seed=95 DONE  adv=0.2033  win_rate=98%  ETA=5 days, 12:31:12
2026-04-04 02:16:04  [256/2860] n=60 β=40 seed=97 DONE  adv=0.0210  win_rate=98%  ETA=5 days, 12:13:50
2026-04-04 02:17:00  [257/2860] n=60 β=40 seed=99 DONE  adv=0.2445  win_rate=98%  ETA=5 days, 11:49:24
2026-04-04 02:17:44  [258/2860] n=60 β=40 seed=98 DONE  adv=0.4828  win_rate=98%  ETA=5 days, 11:23:06
2026-04-04 02:17:57  [259/2860] n=60 β=40 seed=96 DONE  adv=0.2305  win_rate=98%  ETA=5 days, 10:51:50
2026-04-04 02:19:53  [260/2860] n=60 β=40 seed=100 DONE  adv=0.1842  win_rate=98%  ETA=5 days, 10:37:54
2026-04-04 02:35:18  [261/2860] n=70 β=30 seed=1 DONE  adv=0.8857  win_rate=98%  ETA=5 days, 12:38:21
2026-04-04 02:35:47  [262/2860] n=70 β=30 seed=3 DONE  adv=0.5162  win_rate=98%  ETA=5 days, 12:09:45
2026-04-04 02:37:14  [263/2860] n=70 β=30 seed=4 DONE  adv=0.4400  win_rate=98%  ETA=5 days, 11:50:51
2026-04-04 02:37:43  [264/2860] n=70 β=30 seed=2 DONE  adv=0.6026  win_rate=98%  ETA=5 days, 11:22:36
2026-04-04 02:38:13  [265/2860] n=70 β=30 seed=5 DONE  adv=0.5407  win_rate=98%  ETA=5 days, 10:54:46
2026-04-04 02:39:29  [266/2860] n=70 β=30 seed=10 DONE  adv=0.6376  win_rate=98%  ETA=5 days, 10:34:38
2026-04-04 02:40:59  [267/2860] n=70 β=30 seed=8 DONE  adv=0.4324  win_rate=99%  ETA=5 days, 10:16:50
2026-04-04 02:41:45  [268/2860] n=70 β=30 seed=6 DONE  adv=0.4881  win_rate=99%  ETA=5 days, 9:52:06
2026-04-04 02:42:03  [269/2860] n=70 β=30 seed=7 DONE  adv=1.0519  win_rate=99%  ETA=5 days, 9:22:59
2026-04-04 02:42:22  [270/2860] n=70 β=30 seed=14 DONE  adv=0.7671  win_rate=99%  ETA=5 days, 8:54:21
2026-04-04 02:43:11  [271/2860] n=70 β=30 seed=11 DONE  adv=0.6842  win_rate=99%  ETA=5 days, 8:30:35
2026-04-04 02:44:50  [272/2860] n=70 β=30 seed=9 DONE  adv=0.6408  win_rate=99%  ETA=5 days, 8:14:57
2026-04-04 02:44:55  [273/2860] n=70 β=30 seed=12 DONE  adv=0.5774  win_rate=99%  ETA=5 days, 7:44:33
2026-04-04 02:45:53  [274/2860] n=70 β=30 seed=13 DONE  adv=0.4488  win_rate=99%  ETA=5 days, 7:22:52
2026-04-04 02:47:27  [275/2860] n=70 β=30 seed=16 DONE  adv=0.8032  win_rate=99%  ETA=5 days, 7:06:47
2026-04-04 02:47:37  [276/2860] n=70 β=30 seed=15 DONE  adv=0.6884  win_rate=99%  ETA=5 days, 6:37:47
2026-04-04 02:55:10  [277/2860] n=70 β=30 seed=18 DONE  adv=0.3113  win_rate=99%  ETA=5 days, 7:17:51
2026-04-04 02:55:41  [278/2860] n=70 β=30 seed=17 DONE  adv=0.5757  win_rate=99%  ETA=5 days, 6:52:12
2026-04-04 02:58:41  [279/2860] n=70 β=30 seed=19 DONE  adv=0.6223  win_rate=99%  ETA=5 days, 6:49:44
2026-04-04 03:00:24  [280/2860] n=70 β=30 seed=21 DONE  adv=0.7037  win_rate=99%  ETA=5 days, 6:35:27
2026-04-04 03:00:36  [281/2860] n=70 β=30 seed=22 DONE  adv=0.5438  win_rate=99%  ETA=5 days, 6:07:17
2026-04-04 03:01:02  [282/2860] n=70 β=30 seed=20 DONE  adv=0.4193  win_rate=99%  ETA=5 days, 5:41:31
2026-04-04 03:16:26  [283/2860] n=70 β=30 seed=27 DONE  adv=0.7226  win_rate=99%  ETA=5 days, 7:32:07
2026-04-04 03:17:04  [284/2860] n=70 β=30 seed=26 DONE  adv=0.5272  win_rate=99%  ETA=5 days, 7:08:03
2026-04-04 03:18:00  [285/2860] n=70 β=30 seed=23 DONE  adv=0.2846  win_rate=99%  ETA=5 days, 6:46:48
2026-04-04 03:18:35  [286/2860] n=70 β=30 seed=25 DONE  adv=0.1816  win_rate=99%  ETA=5 days, 6:22:23
2026-04-04 03:18:45  [287/2860] n=70 β=30 seed=24 DONE  adv=0.5975  win_rate=99%  ETA=5 days, 5:54:30
2026-04-04 03:20:13  [288/2860] n=70 β=30 seed=30 DONE  adv=0.3714  win_rate=99%  ETA=5 days, 5:38:31
2026-04-04 03:21:02  [289/2860] n=70 β=30 seed=31 DONE  adv=0.2782  win_rate=99%  ETA=5 days, 5:16:43
2026-04-04 03:23:11  [290/2860] n=70 β=30 seed=32 DONE  adv=0.6105  win_rate=99%  ETA=5 days, 5:06:58
2026-04-04 03:23:11  [291/2860] n=70 β=30 seed=28 DONE  adv=0.3441  win_rate=99%  ETA=5 days, 4:38:19
2026-04-04 03:23:58  [292/2860] n=70 β=30 seed=35 DONE  adv=0.7824  win_rate=99%  ETA=5 days, 4:16:39
2026-04-04 03:24:00  [293/2860] n=70 β=30 seed=29 DONE  adv=0.4884  win_rate=99%  ETA=5 days, 3:48:38
2026-04-04 03:24:19  [294/2860] n=70 β=30 seed=36 DONE  adv=0.5619  win_rate=99%  ETA=5 days, 3:23:15
2026-04-04 03:25:58  [295/2860] n=70 β=30 seed=33 DONE  adv=0.4019  win_rate=99%  ETA=5 days, 3:09:33
2026-04-04 03:26:43  [296/2860] n=70 β=30 seed=34 DONE  adv=0.4740  win_rate=99%  ETA=5 days, 2:48:20
2026-04-04 03:27:38  [297/2860] n=70 β=30 seed=37 DONE  adv=0.3333  win_rate=99%  ETA=5 days, 2:28:34
2026-04-04 03:30:53  [298/2860] n=70 β=30 seed=38 DONE  adv=0.2711  win_rate=99%  ETA=5 days, 2:28:52
2026-04-04 03:34:44  [299/2860] n=70 β=30 seed=39 DONE  adv=0.7404  win_rate=99%  ETA=5 days, 2:34:31
2026-04-04 03:36:56  [300/2860] n=70 β=30 seed=40 DONE  adv=0.6453  win_rate=99%  ETA=5 days, 2:25:55
2026-04-04 03:39:48  [301/2860] n=70 β=30 seed=43 DONE  adv=0.0021  win_rate=99%  ETA=5 days, 2:23:00
2026-04-04 03:40:26  [302/2860] n=70 β=30 seed=41 DONE  adv=0.3525  win_rate=99%  ETA=5 days, 2:01:09
2026-04-04 03:43:18  [303/2860] n=70 β=30 seed=42 DONE  adv=0.4111  win_rate=99%  ETA=5 days, 1:58:19
2026-04-04 03:44:14  [304/2860] n=70 β=30 seed=44 DONE  adv=0.4967  win_rate=99%  ETA=5 days, 1:39:14
2026-04-04 03:56:21  [305/2860] n=70 β=30 seed=45 DONE  adv=0.3700  win_rate=99%  ETA=5 days, 2:54:03
2026-04-04 03:57:31  [306/2860] n=70 β=30 seed=46 DONE  adv=0.5200  win_rate=99%  ETA=5 days, 2:36:47
2026-04-04 03:59:43  [307/2860] n=70 β=30 seed=51 DONE  adv=0.6443  win_rate=99%  ETA=5 days, 2:28:16
2026-04-04 03:59:44  [308/2860] n=70 β=30 seed=48 DONE  adv=0.3397  win_rate=99%  ETA=5 days, 2:01:40
2026-04-04 03:59:50  [309/2860] n=70 β=30 seed=49 DONE  adv=0.5498  win_rate=99%  ETA=5 days, 1:35:54
2026-04-04 04:00:48  [310/2860] n=70 β=30 seed=47 DONE  adv=0.9498  win_rate=99%  ETA=5 days, 1:17:28
2026-04-04 04:00:59  [311/2860] n=70 β=30 seed=53 DONE  adv=0.4182  win_rate=99%  ETA=5 days, 0:52:45
2026-04-04 04:02:11  [312/2860] n=70 β=30 seed=52 DONE  adv=0.2912  win_rate=99%  ETA=5 days, 0:36:24
2026-04-04 04:03:08  [313/2860] n=70 β=30 seed=50 DONE  adv=0.3970  win_rate=99%  ETA=5 days, 0:18:14
2026-04-04 04:05:16  [314/2860] n=70 β=30 seed=58 DONE  adv=0.6634  win_rate=99%  ETA=5 days, 0:09:41
2026-04-04 04:06:44  [315/2860] n=70 β=30 seed=55 DONE  adv=0.6137  win_rate=99%  ETA=4 days, 23:55:49
2026-04-04 04:06:47  [316/2860] n=70 β=30 seed=54 DONE  adv=0.3379  win_rate=99%  ETA=4 days, 23:30:42
2026-04-04 04:07:36  [317/2860] n=70 β=30 seed=57 DONE  adv=0.4546  win_rate=99%  ETA=4 days, 23:11:42
2026-04-04 04:07:44  [318/2860] n=70 β=30 seed=59 DONE  adv=0.0738  win_rate=99%  ETA=4 days, 22:47:31
2026-04-04 04:07:45  [319/2860] n=70 β=30 seed=56 DONE  adv=0.3149  win_rate=99%  ETA=4 days, 22:22:36
2026-04-04 04:12:23  [320/2860] n=70 β=30 seed=60 DONE  adv=0.5910  win_rate=99%  ETA=4 days, 22:34:20
2026-04-04 04:14:45  [321/2860] n=70 β=30 seed=62 DONE  adv=0.5785  win_rate=99%  ETA=4 days, 22:28:07
2026-04-04 04:15:35  [322/2860] n=70 β=30 seed=61 DONE  adv=0.5031  win_rate=99%  ETA=4 days, 22:09:48
2026-04-04 04:21:04  [323/2860] n=70 β=30 seed=64 DONE  adv=0.5857  win_rate=99%  ETA=4 days, 22:28:10
2026-04-04 04:22:49  [324/2860] n=70 β=30 seed=63 DONE  adv=0.5094  win_rate=99%  ETA=4 days, 22:17:03
2026-04-04 04:25:51  [325/2860] n=70 β=30 seed=65 DONE  adv=0.6418  win_rate=99%  ETA=4 days, 22:16:07
2026-04-04 04:26:33  [326/2860] n=70 β=30 seed=66 DONE  adv=0.4401  win_rate=99%  ETA=4 days, 21:56:59
2026-04-04 04:35:56  [327/2860] n=70 β=30 seed=67 DONE  adv=0.5249  win_rate=99%  ETA=4 days, 22:45:15
2026-04-04 04:39:24  [328/2860] n=70 β=30 seed=72 DONE  adv=0.6097  win_rate=99%  ETA=4 days, 22:47:27
2026-04-04 04:41:46  [329/2860] n=70 β=30 seed=70 DONE  adv=0.5342  win_rate=99%  ETA=4 days, 22:41:16
2026-04-04 04:41:51  [330/2860] n=70 β=30 seed=69 DONE  adv=0.5158  win_rate=99%  ETA=4 days, 22:17:28
2026-04-04 04:42:10  [331/2860] n=70 β=30 seed=68 DONE  adv=0.7576  win_rate=99%  ETA=4 days, 21:55:37
2026-04-04 04:42:52  [332/2860] n=70 β=30 seed=74 DONE  adv=0.6798  win_rate=99%  ETA=4 days, 21:36:53
2026-04-04 04:43:11  [333/2860] n=70 β=30 seed=73 DONE  adv=0.4385  win_rate=99%  ETA=4 days, 21:15:19
2026-04-04 04:43:43  [334/2860] n=70 β=30 seed=71 DONE  adv=0.8270  win_rate=99%  ETA=4 days, 20:55:31
2026-04-04 04:45:40  [335/2860] n=70 β=30 seed=81 DONE  adv=0.5280  win_rate=99%  ETA=4 days, 20:46:29
2026-04-04 04:45:43  [336/2860] n=70 β=30 seed=76 DONE  adv=0.4229  win_rate=99%  ETA=4 days, 20:23:17
2026-04-04 04:45:57  [337/2860] n=70 β=30 seed=77 DONE  adv=0.5895  win_rate=99%  ETA=4 days, 20:01:30
2026-04-04 04:46:52  [338/2860] n=70 β=30 seed=75 DONE  adv=0.6029  win_rate=99%  ETA=4 days, 19:45:04
2026-04-04 04:48:00  [339/2860] n=70 β=30 seed=79 DONE  adv=0.3468  win_rate=99%  ETA=4 days, 19:30:13
2026-04-04 04:48:41  [340/2860] n=70 β=30 seed=78 DONE  adv=0.3798  win_rate=99%  ETA=4 days, 19:12:10
2026-04-04 04:50:16  [341/2860] n=70 β=30 seed=80 DONE  adv=0.5548  win_rate=99%  ETA=4 days, 19:00:54
2026-04-04 04:52:02  [342/2860] n=70 β=30 seed=82 DONE  adv=0.3343  win_rate=99%  ETA=4 days, 18:50:55
2026-04-04 04:55:01  [343/2860] n=70 β=30 seed=83 DONE  adv=0.6560  win_rate=99%  ETA=4 days, 18:49:59
2026-04-04 04:58:46  [344/2860] n=70 β=30 seed=84 DONE  adv=0.5310  win_rate=99%  ETA=4 days, 18:54:45
2026-04-04 05:00:32  [345/2860] n=70 β=30 seed=85 DONE  adv=0.3701  win_rate=99%  ETA=4 days, 18:44:47
2026-04-04 05:01:09  [346/2860] n=70 β=30 seed=86 DONE  adv=0.6267  win_rate=99%  ETA=4 days, 18:26:45
2026-04-04 05:09:44  [347/2860] n=70 β=30 seed=88 DONE  adv=0.6642  win_rate=99%  ETA=4 days, 19:06:21
2026-04-04 05:09:50  [348/2860] n=70 β=30 seed=87 DONE  adv=0.3929  win_rate=99%  ETA=4 days, 18:44:29
2026-04-04 05:18:39  [349/2860] n=70 β=30 seed=89 DONE  adv=0.6223  win_rate=99%  ETA=4 days, 19:25:26
2026-04-04 05:21:09  [350/2860] n=70 β=30 seed=90 DONE  adv=0.5129  win_rate=99%  ETA=4 days, 19:20:50
2026-04-04 05:21:33  [351/2860] n=70 β=30 seed=92 DONE  adv=0.1245  win_rate=99%  ETA=4 days, 19:01:15
2026-04-04 05:22:39  [352/2860] n=70 β=30 seed=97 DONE  adv=0.6753  win_rate=99%  ETA=4 days, 18:46:46
2026-04-04 05:22:57  [353/2860] n=70 β=30 seed=96 DONE  adv=0.6586  win_rate=99%  ETA=4 days, 18:26:37
2026-04-04 05:23:58  [354/2860] n=70 β=30 seed=95 DONE  adv=0.7374  win_rate=99%  ETA=4 days, 18:11:38
2026-04-04 05:24:02  [355/2860] n=70 β=30 seed=91 DONE  adv=0.6040  win_rate=99%  ETA=4 days, 17:50:11
2026-04-04 05:24:04  [356/2860] n=70 β=30 seed=93 DONE  adv=0.4538  win_rate=99%  ETA=4 days, 17:28:31
2026-04-04 05:25:47  [357/2860] n=70 β=30 seed=94 DONE  adv=0.3007  win_rate=99%  ETA=4 days, 17:18:43
2026-04-04 05:26:18  [358/2860] n=70 β=30 seed=99 DONE  adv=0.5180  win_rate=99%  ETA=4 days, 17:00:37
2026-04-04 05:28:29  [359/2860] n=70 β=30 seed=98 DONE  adv=0.6823  win_rate=99%  ETA=4 days, 16:54:14
2026-04-04 05:29:06  [360/2860] n=70 β=30 seed=100 DONE  adv=0.5812  win_rate=99%  ETA=4 days, 16:37:01
2026-04-04 07:45:57  [361/2860] n=70 β=40 seed=1 DONE  adv=0.2789  win_rate=99%  ETA=5 days, 8:02:57
2026-04-04 07:46:18  [362/2860] n=70 β=40 seed=3 DONE  adv=0.3786  win_rate=99%  ETA=5 days, 7:41:06
2026-04-04 07:48:26  [363/2860] n=70 β=40 seed=2 DONE  adv=0.3167  win_rate=99%  ETA=5 days, 7:31:37
2026-04-04 07:50:46  [364/2860] n=70 β=40 seed=4 DONE  adv=0.4540  win_rate=99%  ETA=5 days, 7:23:30
2026-04-04 07:52:48  [365/2860] n=70 β=40 seed=5 DONE  adv=0.4027  win_rate=99%  ETA=5 days, 7:13:24
2026-04-04 07:55:04  [366/2860] n=70 β=40 seed=7 DONE  adv=0.3502  win_rate=99%  ETA=5 days, 7:04:58
2026-04-04 07:55:21  [367/2860] n=70 β=40 seed=6 DONE  adv=0.3825  win_rate=99%  ETA=5 days, 6:43:05
2026-04-04 08:02:50  [368/2860] n=70 β=40 seed=8 DONE  adv=0.3714  win_rate=99%  ETA=5 days, 7:10:03
2026-04-04 08:11:04  [369/2860] n=70 β=40 seed=11 DONE  adv=0.3593  win_rate=99%  ETA=5 days, 7:41:54
2026-04-04 08:11:18  [370/2860] n=70 β=40 seed=10 DONE  adv=0.3543  win_rate=99%  ETA=5 days, 7:19:40
2026-04-04 08:12:33  [371/2860] n=70 β=40 seed=9 DONE  adv=0.3026  win_rate=99%  ETA=5 days, 7:04:21
2026-04-04 08:15:57  [372/2860] n=70 β=40 seed=13 DONE  adv=0.2408  win_rate=99%  ETA=5 days, 7:03:37
2026-04-04 08:19:10  [373/2860] n=70 β=40 seed=14 DONE  adv=0.4688  win_rate=99%  ETA=5 days, 7:01:32
2026-04-04 08:20:29  [374/2860] n=70 β=40 seed=17 DONE  adv=0.3454  win_rate=99%  ETA=5 days, 6:46:48
2026-04-04 08:20:51  [375/2860] n=70 β=40 seed=12 DONE  adv=0.2993  win_rate=99%  ETA=5 days, 6:25:56
2026-04-04 08:22:25  [376/2860] n=70 β=40 seed=22 DONE  adv=0.4717  win_rate=99%  ETA=5 days, 6:13:05
2026-04-04 08:23:08  [377/2860] n=70 β=40 seed=16 DONE  adv=0.3358  win_rate=99%  ETA=5 days, 5:54:42
2026-04-04 08:23:47  [378/2860] n=70 β=40 seed=19 DONE  adv=0.3213  win_rate=99%  ETA=5 days, 5:35:52
2026-04-04 08:24:52  [379/2860] n=70 β=40 seed=15 DONE  adv=0.4087  win_rate=99%  ETA=5 days, 5:20:08
2026-04-04 08:24:54  [380/2860] n=70 β=40 seed=21 DONE  adv=0.5007  win_rate=99%  ETA=5 days, 4:57:30
2026-04-04 08:27:57  [381/2860] n=70 β=40 seed=18 DONE  adv=0.5181  win_rate=99%  ETA=5 days, 4:54:40
2026-04-04 08:29:50  [382/2860] n=70 β=40 seed=20 DONE  adv=0.3873  win_rate=99%  ETA=5 days, 4:44:10
2026-04-04 10:51:14  [383/2860] n=70 β=40 seed=27 DONE  adv=0.4232  win_rate=99%  ETA=5 days, 19:36:08
2026-04-04 10:51:29  [384/2860] n=70 β=40 seed=23 DONE  adv=0.2227  win_rate=99%  ETA=5 days, 19:12:34
2026-04-04 10:58:14  [385/2860] n=70 β=40 seed=24 DONE  adv=0.2885  win_rate=99%  ETA=5 days, 19:30:52
2026-04-04 10:58:27  [386/2860] n=70 β=40 seed=25 DONE  adv=0.3761  win_rate=99%  ETA=5 days, 19:07:18
2026-04-04 11:02:13  [387/2860] n=70 β=40 seed=26 DONE  adv=0.3425  win_rate=99%  ETA=5 days, 19:06:22
2026-04-04 11:04:55  [388/2860] n=70 β=40 seed=28 DONE  adv=0.3063  win_rate=99%  ETA=5 days, 18:58:43
2026-04-04 11:06:10  [389/2860] n=70 β=40 seed=29 DONE  adv=0.2687  win_rate=99%  ETA=5 days, 18:41:50
2026-04-04 11:13:29  [390/2860] n=70 β=40 seed=30 DONE  adv=0.3804  win_rate=99%  ETA=5 days, 19:03:29
2026-04-04 11:24:44  [391/2860] n=70 β=40 seed=31 DONE  adv=0.4200  win_rate=99%  ETA=5 days, 19:49:49
2026-04-04 11:24:59  [392/2860] n=70 β=40 seed=33 DONE  adv=0.2045  win_rate=99%  ETA=5 days, 19:26:38
2026-04-04 11:25:17  [393/2860] n=70 β=40 seed=34 DONE  adv=0.3091  win_rate=99%  ETA=5 days, 19:03:46
2026-04-04 11:28:06  [394/2860] n=70 β=40 seed=32 DONE  adv=0.2999  win_rate=99%  ETA=5 days, 18:56:55
2026-04-04 11:30:01  [395/2860] n=70 β=40 seed=35 DONE  adv=0.5455  win_rate=99%  ETA=5 days, 18:44:22
2026-04-04 11:30:48  [396/2860] n=70 β=40 seed=42 DONE  adv=0.3209  win_rate=99%  ETA=5 days, 18:24:49
2026-04-04 11:31:48  [397/2860] n=70 β=40 seed=37 DONE  adv=0.3441  win_rate=99%  ETA=5 days, 18:06:47
2026-04-04 11:32:37  [398/2860] n=70 β=40 seed=36 DONE  adv=0.3068  win_rate=99%  ETA=5 days, 17:47:40
2026-04-04 11:33:55  [399/2860] n=70 β=40 seed=41 DONE  adv=0.3531  win_rate=99%  ETA=5 days, 17:31:39
2026-04-04 11:35:03  [400/2860] n=70 β=40 seed=39 DONE  adv=0.1798  win_rate=99%  ETA=5 days, 17:14:36
2026-04-04 11:35:37  [401/2860] n=70 β=40 seed=40 DONE  adv=0.3185  win_rate=99%  ETA=5 days, 16:54:12
2026-04-04 11:37:31  [402/2860] n=70 β=40 seed=38 DONE  adv=0.4037  win_rate=99%  ETA=5 days, 16:42:02
2026-04-04 11:41:02  [403/2860] n=70 β=40 seed=44 DONE  adv=0.4174  win_rate=99%  ETA=5 days, 16:39:46
2026-04-04 11:41:09  [404/2860] n=70 β=40 seed=43 DONE  adv=0.5035  win_rate=99%  ETA=5 days, 16:16:53
2026-04-04 13:58:17  [405/2860] n=70 β=40 seed=45 DONE  adv=0.4144  win_rate=99%  ETA=6 days, 5:44:41
2026-04-04 13:59:16  [406/2860] n=70 β=40 seed=46 DONE  adv=0.1365  win_rate=99%  ETA=6 days, 5:24:50
2026-04-04 14:06:27  [407/2860] n=70 β=40 seed=48 DONE  adv=0.2576  win_rate=99%  ETA=6 days, 5:42:24
2026-04-04 14:08:39  [408/2860] n=70 β=40 seed=47 DONE  adv=0.5364  win_rate=99%  ETA=6 days, 5:30:00
2026-04-04 14:09:24  [409/2860] n=70 β=40 seed=49 DONE  adv=0.5434  win_rate=99%  ETA=6 days, 5:08:52
2026-04-04 14:11:40  [410/2860] n=70 β=40 seed=50 DONE  adv=0.3584  win_rate=99%  ETA=6 days, 4:57:00
2026-04-04 14:13:04  [411/2860] n=70 β=40 seed=51 DONE  adv=0.2412  win_rate=99%  ETA=6 days, 4:39:57
2026-04-04 14:13:16  [412/2860] n=70 β=40 seed=52 DONE  adv=0.1247  win_rate=99%  ETA=6 days, 4:15:50
2026-04-04 14:30:01  [413/2860] n=70 β=40 seed=55 DONE  adv=0.5046  win_rate=99%  ETA=6 days, 5:29:55
2026-04-04 14:31:08  [414/2860] n=70 β=40 seed=53 DONE  adv=0.2218  win_rate=99%  ETA=6 days, 5:11:11
2026-04-04 14:31:59  [415/2860] n=70 β=40 seed=59 DONE  adv=0.1231  win_rate=99%  ETA=6 days, 4:50:58
2026-04-04 14:33:12  [416/2860] n=70 β=40 seed=58 DONE  adv=0.3477  win_rate=99%  ETA=6 days, 4:33:02
2026-04-04 14:33:13  [417/2860] n=70 β=40 seed=57 DONE  adv=0.4614  win_rate=99%  ETA=6 days, 4:08:04
2026-04-04 14:36:18  [418/2860] n=70 β=40 seed=56 DONE  adv=0.2536  win_rate=99%  ETA=6 days, 4:01:16
2026-04-04 14:36:32  [419/2860] n=70 β=40 seed=54 DONE  adv=0.1466  win_rate=99%  ETA=6 days, 3:37:48
2026-04-04 14:38:42  [420/2860] n=70 β=40 seed=61 DONE  adv=0.3255  win_rate=99%  ETA=6 days, 3:25:38
2026-04-04 14:39:23  [421/2860] n=70 β=40 seed=60 DONE  adv=0.3624  win_rate=99%  ETA=6 days, 3:04:57
2026-04-04 14:40:21  [422/2860] n=70 β=40 seed=64 DONE  adv=0.3399  win_rate=99%  ETA=6 days, 2:45:59
2026-04-04 14:42:21  [423/2860] n=70 β=40 seed=63 DONE  adv=0.2405  win_rate=99%  ETA=6 days, 2:33:09
2026-04-04 14:44:29  [424/2860] n=70 β=40 seed=62 DONE  adv=0.4421  win_rate=99%  ETA=6 days, 2:21:03
2026-04-04 14:45:40  [425/2860] n=70 β=40 seed=65 DONE  adv=0.2604  win_rate=99%  ETA=6 days, 2:03:37
2026-04-04 14:46:49  [426/2860] n=70 β=40 seed=66 DONE  adv=0.3435  win_rate=99%  ETA=6 days, 1:46:01
2026-04-04 17:04:17  [427/2860] n=70 β=40 seed=68 DONE  adv=0.3748  win_rate=99%  ETA=6 days, 14:25:10
2026-04-04 17:04:26  [428/2860] n=70 β=40 seed=67 DONE  adv=0.3736  win_rate=99%  ETA=6 days, 13:59:55
2026-04-04 17:10:53  [429/2860] n=70 β=40 seed=69 DONE  adv=0.2170  win_rate=99%  ETA=6 days, 14:10:27
2026-04-04 17:12:40  [430/2860] n=70 β=40 seed=72 DONE  adv=0.3795  win_rate=99%  ETA=6 days, 13:54:39
2026-04-04 17:15:30  [431/2860] n=70 β=40 seed=70 DONE  adv=0.3818  win_rate=99%  ETA=6 days, 13:44:43
2026-04-04 17:16:58  [432/2860] n=70 β=40 seed=73 DONE  adv=0.3139  win_rate=99%  ETA=6 days, 13:27:10
2026-04-04 17:17:06  [433/2860] n=70 β=40 seed=71 DONE  adv=0.4431  win_rate=99%  ETA=6 days, 13:02:11
2026-04-04 17:17:21  [434/2860] n=70 β=40 seed=74 DONE  adv=0.2502  win_rate=99%  ETA=6 days, 12:38:02
2026-04-04 17:32:14  [435/2860] n=70 β=40 seed=75 DONE  adv=0.3828  win_rate=99%  ETA=6 days, 13:35:30
2026-04-04 17:36:44  [436/2860] n=70 β=40 seed=79 DONE  adv=0.2840  win_rate=99%  ETA=6 days, 13:34:55
2026-04-04 17:37:20  [437/2860] n=70 β=40 seed=76 DONE  adv=0.2694  win_rate=99%  ETA=6 days, 13:12:47
2026-04-04 17:37:51  [438/2860] n=70 β=40 seed=81 DONE  adv=0.3207  win_rate=99%  ETA=6 days, 12:50:12
2026-04-04 17:40:38  [439/2860] n=70 β=40 seed=77 DONE  adv=0.2421  win_rate=99%  ETA=6 days, 12:40:14
2026-04-04 17:42:10  [440/2860] n=70 β=40 seed=82 DONE  adv=0.3037  win_rate=99%  ETA=6 days, 12:23:23
2026-04-04 17:42:32  [441/2860] n=70 β=40 seed=78 DONE  adv=0.3541  win_rate=99%  ETA=6 days, 12:00:15
2026-04-04 17:42:35  [442/2860] n=70 β=40 seed=83 DONE  adv=0.2778  win_rate=99%  ETA=6 days, 11:35:29
2026-04-04 17:44:43  [443/2860] n=70 β=40 seed=80 DONE  adv=0.3423  win_rate=99%  ETA=6 days, 11:22:17
2026-04-04 17:45:25  [444/2860] n=70 β=40 seed=85 DONE  adv=0.1919  win_rate=99%  ETA=6 days, 11:01:09
2026-04-04 17:45:51  [445/2860] n=70 β=40 seed=84 DONE  adv=0.3371  win_rate=99%  ETA=6 days, 10:38:50
2026-04-04 17:49:48  [446/2860] n=70 β=40 seed=86 DONE  adv=0.4365  win_rate=99%  ETA=6 days, 10:35:34
2026-04-04 17:54:21  [447/2860] n=70 β=40 seed=87 DONE  adv=0.3121  win_rate=99%  ETA=6 days, 10:35:34
2026-04-04 17:55:21  [448/2860] n=70 β=40 seed=88 DONE  adv=0.1884  win_rate=99%  ETA=6 days, 10:16:22
2026-04-04 17:56:35  [449/2860] n=80 β=20 seed=1 DONE  adv=0.0466  win_rate=99%  ETA=6 days, 9:58:32
2026-04-04 17:58:06  [450/2860] n=80 β=20 seed=2 DONE  adv=0.4116  win_rate=99%  ETA=6 days, 9:42:19
2026-04-04 17:58:16  [451/2860] n=80 β=20 seed=3 DONE  adv=0.6139  win_rate=99%  ETA=6 days, 9:18:54
2026-04-04 17:58:25  [452/2860] n=80 β=20 seed=4 DONE  adv=0.3268  win_rate=99%  ETA=6 days, 8:55:32
2026-04-04 18:01:00  [453/2860] n=80 β=20 seed=5 DONE  adv=0.4554  win_rate=99%  ETA=6 days, 8:45:17
2026-04-04 18:01:36  [454/2860] n=80 β=20 seed=6 DONE  adv=0.4272  win_rate=99%  ETA=6 days, 8:24:25
2026-04-04 18:01:58  [455/2860] n=80 β=20 seed=7 DONE  adv=0.8698  win_rate=99%  ETA=6 days, 8:02:30
2026-04-04 18:06:00  [456/2860] n=80 β=20 seed=8 DONE  adv=0.5339  win_rate=99%  ETA=6 days, 7:59:56
2026-04-04 18:10:59  [457/2860] n=80 β=20 seed=9 DONE  adv=0.2872  win_rate=99%  ETA=6 days, 8:02:24
2026-04-04 18:11:46  [458/2860] n=80 β=20 seed=10 DONE  adv=0.4031  win_rate=99%  ETA=6 days, 7:42:51
2026-04-04 18:13:28  [459/2860] n=80 β=20 seed=11 DONE  adv=0.3636  win_rate=99%  ETA=6 days, 7:28:07
2026-04-04 18:14:12  [460/2860] n=80 β=20 seed=12 DONE  adv=0.5898  win_rate=99%  ETA=6 days, 7:08:25
2026-04-04 18:14:46  [461/2860] n=80 β=20 seed=13 DONE  adv=0.4084  win_rate=99%  ETA=6 days, 6:47:53
2026-04-04 18:14:52  [462/2860] n=80 β=20 seed=14 DONE  adv=0.5147  win_rate=99%  ETA=6 days, 6:25:03
2026-04-04 18:17:48  [463/2860] n=80 β=20 seed=15 DONE  adv=0.2602  win_rate=99%  ETA=6 days, 6:16:59
2026-04-04 18:17:49  [464/2860] n=80 β=20 seed=16 DONE  adv=0.7805  win_rate=99%  ETA=6 days, 5:53:55
2026-04-04 18:18:24  [465/2860] n=80 β=20 seed=17 DONE  adv=0.0853  win_rate=99%  ETA=6 days, 5:33:50
2026-04-04 18:22:22  [466/2860] n=80 β=20 seed=18 DONE  adv=0.5399  win_rate=99%  ETA=6 days, 5:31:14
2026-04-04 18:26:52  [467/2860] n=80 β=20 seed=19 DONE  adv=0.7164  win_rate=99%  ETA=6 days, 5:31:20
2026-04-04 18:27:34  [468/2860] n=80 β=20 seed=20 DONE  adv=0.3146  win_rate=99%  ETA=6 days, 5:11:57
2026-04-04 18:29:09  [469/2860] n=80 β=20 seed=21 DONE  adv=0.6960  win_rate=99%  ETA=6 days, 4:57:14
2026-04-04 18:29:49  [470/2860] n=80 β=20 seed=22 DONE  adv=0.6912  win_rate=99%  ETA=6 days, 4:37:55
2026-04-04 18:30:29  [471/2860] n=80 β=20 seed=23 DONE  adv=0.5202  win_rate=99%  ETA=6 days, 4:18:38
2026-04-04 18:31:07  [472/2860] n=80 β=20 seed=24 DONE  adv=0.6117  win_rate=99%  ETA=6 days, 3:59:16
2026-04-04 18:33:21  [473/2860] n=80 β=20 seed=26 DONE  adv=0.4766  win_rate=99%  ETA=6 days, 3:48:04
2026-04-04 18:33:53  [474/2860] n=80 β=20 seed=25 DONE  adv=0.4061  win_rate=99%  ETA=6 days, 3:28:19
2026-04-04 18:34:07  [475/2860] n=80 β=20 seed=27 DONE  adv=0.6779  win_rate=99%  ETA=6 days, 3:07:08
2026-04-04 18:38:25  [476/2860] n=80 β=20 seed=28 DONE  adv=0.5458  win_rate=99%  ETA=6 days, 3:06:28
2026-04-04 18:42:51  [477/2860] n=80 β=20 seed=29 DONE  adv=0.2813  win_rate=99%  ETA=6 days, 3:06:23
2026-04-04 18:43:49  [478/2860] n=80 β=20 seed=30 DONE  adv=0.1819  win_rate=99%  ETA=6 days, 2:49:00
2026-04-04 18:45:40  [479/2860] n=80 β=20 seed=31 DONE  adv=0.3056  win_rate=99%  ETA=6 days, 2:36:10
2026-04-04 18:45:56  [480/2860] n=80 β=20 seed=32 DONE  adv=0.5206  win_rate=99%  ETA=6 days, 2:15:30
2026-04-04 18:46:55  [481/2860] n=80 β=20 seed=33 DONE  adv=0.3222  win_rate=99%  ETA=6 days, 1:58:24
2026-04-04 18:47:08  [482/2860] n=80 β=20 seed=34 DONE  adv=0.3411  win_rate=99%  ETA=6 days, 1:37:38
2026-04-04 18:50:12  [483/2860] n=80 β=20 seed=35 DONE  adv=0.5608  win_rate=99%  ETA=6 days, 1:31:00
2026-04-04 18:50:34  [484/2860] n=80 β=20 seed=36 DONE  adv=0.3320  win_rate=99%  ETA=6 days, 1:11:02
2026-04-04 18:50:42  [485/2860] n=80 β=20 seed=37 DONE  adv=0.6067  win_rate=99%  ETA=6 days, 0:50:05
2026-04-04 18:55:13  [486/2860] n=80 β=20 seed=38 DONE  adv=0.3499  win_rate=99%  ETA=6 days, 0:50:37
2026-04-04 18:59:28  [487/2860] n=80 β=20 seed=39 DONE  adv=0.7124  win_rate=99%  ETA=6 days, 0:49:51
2026-04-04 19:00:29  [488/2860] n=80 β=20 seed=40 DONE  adv=0.7500  win_rate=99%  ETA=6 days, 0:33:17
2026-04-04 19:02:19  [489/2860] n=80 β=20 seed=42 DONE  adv=0.1880  win_rate=99%  ETA=6 days, 0:20:50
2026-04-04 19:02:47  [490/2860] n=80 β=20 seed=41 DONE  adv=0.4937  win_rate=99%  ETA=6 days, 0:01:46
2026-04-04 19:03:24  [491/2860] n=80 β=20 seed=43 DONE  adv=0.4901  win_rate=99%  ETA=5 days, 23:43:31
2026-04-04 19:03:41  [492/2860] n=80 β=20 seed=44 DONE  adv=0.5380  win_rate=99%  ETA=5 days, 23:23:41
2026-04-04 19:06:34  [493/2860] n=80 β=20 seed=46 DONE  adv=0.7257  win_rate=99%  ETA=5 days, 23:16:27
2026-04-04 19:06:36  [494/2860] n=80 β=20 seed=45 DONE  adv=0.3912  win_rate=99%  ETA=5 days, 22:55:34
2026-04-04 19:06:55  [495/2860] n=80 β=20 seed=47 DONE  adv=0.4616  win_rate=99%  ETA=5 days, 22:36:10
2026-04-04 19:11:36  [496/2860] n=80 β=20 seed=48 DONE  adv=0.1742  win_rate=99%  ETA=5 days, 22:37:37
2026-04-04 19:15:39  [497/2860] n=80 β=20 seed=49 DONE  adv=0.2929  win_rate=99%  ETA=5 days, 22:36:04
2026-04-04 19:16:30  [498/2860] n=80 β=20 seed=50 DONE  adv=0.7247  win_rate=99%  ETA=5 days, 22:19:19
2026-04-04 19:18:29  [499/2860] n=80 β=20 seed=51 DONE  adv=0.5242  win_rate=99%  ETA=5 days, 22:07:57
2026-04-04 19:19:03  [500/2860] n=80 β=20 seed=52 DONE  adv=0.5955  win_rate=99%  ETA=5 days, 21:49:58
2026-04-04 19:19:39  [501/2860] n=80 β=20 seed=53 DONE  adv=0.1319  win_rate=99%  ETA=5 days, 21:32:11
2026-04-04 19:19:47  [502/2860] n=80 β=20 seed=54 DONE  adv=0.3991  win_rate=99%  ETA=5 days, 21:12:21
2026-04-04 19:22:41  [503/2860] n=80 β=20 seed=56 DONE  adv=0.5071  win_rate=99%  ETA=5 days, 21:05:31
2026-04-04 19:22:49  [504/2860] n=80 β=20 seed=55 DONE  adv=0.5909  win_rate=99%  ETA=5 days, 20:45:45
2026-04-04 19:23:06  [505/2860] n=80 β=20 seed=57 DONE  adv=0.4132  win_rate=99%  ETA=5 days, 20:26:47
2026-04-04 19:27:40  [506/2860] n=80 β=20 seed=58 DONE  adv=0.6498  win_rate=99%  ETA=5 days, 20:27:44
2026-04-04 19:32:07  [507/2860] n=80 β=20 seed=59 DONE  adv=0.3961  win_rate=99%  ETA=5 days, 20:28:15
2026-04-04 19:32:38  [508/2860] n=80 β=20 seed=60 DONE  adv=0.4204  win_rate=99%  ETA=5 days, 20:10:25
2026-04-04 19:34:28  [509/2860] n=80 β=20 seed=61 DONE  adv=0.4312  win_rate=99%  ETA=5 days, 19:58:48
2026-04-04 19:35:10  [510/2860] n=80 β=20 seed=62 DONE  adv=0.4896  win_rate=99%  ETA=5 days, 19:42:03
2026-04-04 19:35:48  [511/2860] n=80 β=20 seed=63 DONE  adv=0.6143  win_rate=99%  ETA=5 days, 19:25:00
2026-04-04 19:35:58  [512/2860] n=80 β=20 seed=64 DONE  adv=0.2353  win_rate=99%  ETA=5 days, 19:05:50
2026-04-04 19:39:06  [513/2860] n=80 β=20 seed=65 DONE  adv=0.1130  win_rate=99%  ETA=5 days, 19:00:20
2026-04-04 19:39:07  [514/2860] n=80 β=20 seed=66 DONE  adv=0.6132  win_rate=99%  ETA=5 days, 18:40:39
2026-04-04 19:39:19  [515/2860] n=80 β=20 seed=67 DONE  adv=0.5220  win_rate=99%  ETA=5 days, 18:21:52
2026-04-04 19:44:09  [516/2860] n=80 β=20 seed=68 DONE  adv=0.3492  win_rate=99%  ETA=5 days, 18:24:10
2026-04-04 19:48:24  [517/2860] n=80 β=20 seed=69 DONE  adv=0.5334  win_rate=99%  ETA=5 days, 18:23:53
2026-04-04 19:49:25  [518/2860] n=80 β=20 seed=70 DONE  adv=0.6321  win_rate=99%  ETA=5 days, 18:08:52
2026-04-04 19:51:03  [519/2860] n=80 β=20 seed=71 DONE  adv=0.5513  win_rate=99%  ETA=5 days, 17:56:43
2026-04-04 19:51:31  [520/2860] n=80 β=20 seed=72 DONE  adv=0.6438  win_rate=99%  ETA=5 days, 17:39:25
2026-04-04 19:52:19  [521/2860] n=80 β=20 seed=73 DONE  adv=0.4589  win_rate=99%  ETA=5 days, 17:23:38
2026-04-04 19:52:54  [522/2860] n=80 β=20 seed=74 DONE  adv=0.4149  win_rate=99%  ETA=5 days, 17:06:55
2026-04-04 19:55:42  [523/2860] n=80 β=20 seed=77 DONE  adv=0.1576  win_rate=99%  ETA=5 days, 17:00:11
2026-04-04 19:55:42  [524/2860] n=80 β=20 seed=75 DONE  adv=0.6524  win_rate=99%  ETA=5 days, 16:41:02
2026-04-04 19:55:49  [525/2860] n=80 β=20 seed=76 DONE  adv=0.6093  win_rate=99%  ETA=5 days, 16:22:26
2026-04-04 20:00:26  [526/2860] n=80 β=20 seed=78 DONE  adv=0.4798  win_rate=99%  ETA=5 days, 16:23:52
2026-04-04 20:04:25  [527/2860] n=80 β=20 seed=79 DONE  adv=0.5715  win_rate=99%  ETA=5 days, 16:22:26
2026-04-04 20:05:22  [528/2860] n=80 β=20 seed=80 DONE  adv=0.3788  win_rate=99%  ETA=5 days, 16:07:37
2026-04-04 20:06:53  [529/2860] n=80 β=20 seed=81 DONE  adv=0.4563  win_rate=99%  ETA=5 days, 15:55:24
2026-04-04 20:07:12  [530/2860] n=80 β=20 seed=82 DONE  adv=0.2822  win_rate=99%  ETA=5 days, 15:37:52
2026-04-04 20:07:55  [531/2860] n=80 β=20 seed=83 DONE  adv=0.2622  win_rate=99%  ETA=5 days, 15:22:13
2026-04-04 20:08:36  [532/2860] n=80 β=20 seed=84 DONE  adv=0.6369  win_rate=99%  ETA=5 days, 15:06:28
2026-04-04 20:11:20  [533/2860] n=80 β=20 seed=86 DONE  adv=0.4356  win_rate=99%  ETA=5 days, 14:59:41
2026-04-04 20:11:26  [534/2860] n=80 β=20 seed=85 DONE  adv=0.5624  win_rate=99%  ETA=5 days, 14:41:31
2026-04-04 20:11:38  [535/2860] n=80 β=20 seed=87 DONE  adv=0.7762  win_rate=99%  ETA=5 days, 14:23:49
2026-04-04 20:13:44  [536/2860] n=70 β=40 seed=89 DONE  adv=0.3963  win_rate=99%  ETA=5 days, 14:14:24
2026-04-04 20:16:26  [537/2860] n=80 β=20 seed=88 DONE  adv=0.7387  win_rate=99%  ETA=5 days, 14:07:37
2026-04-04 20:16:58  [538/2860] n=70 β=40 seed=90 DONE  adv=0.4928  win_rate=99%  ETA=5 days, 13:51:29
2026-04-04 20:20:30  [539/2860] n=80 β=20 seed=89 DONE  adv=0.4526  win_rate=99%  ETA=5 days, 13:48:23
2026-04-04 20:21:18  [540/2860] n=70 β=40 seed=91 DONE  adv=0.3892  win_rate=99%  ETA=5 days, 13:33:29
2026-04-04 20:21:39  [541/2860] n=80 β=20 seed=90 DONE  adv=0.6227  win_rate=99%  ETA=5 days, 13:16:43
2026-04-04 20:22:36  [542/2860] n=70 β=40 seed=96 DONE  adv=0.3760  win_rate=99%  ETA=5 days, 13:02:38
2026-04-04 20:23:05  [543/2860] n=80 β=20 seed=91 DONE  adv=0.7498  win_rate=99%  ETA=5 days, 12:46:30
2026-04-04 20:23:17  [544/2860] n=80 β=20 seed=92 DONE  adv=0.6223  win_rate=99%  ETA=5 days, 12:29:17
2026-04-04 20:23:34  [545/2860] n=70 β=40 seed=92 DONE  adv=0.3813  win_rate=99%  ETA=5 days, 12:12:30
2026-04-04 20:23:50  [546/2860] n=70 β=40 seed=93 DONE  adv=0.4171  win_rate=99%  ETA=5 days, 11:55:40
2026-04-04 20:24:04  [547/2860] n=80 β=20 seed=93 DONE  adv=0.5638  win_rate=99%  ETA=5 days, 11:38:46
2026-04-04 20:25:02  [548/2860] n=80 β=20 seed=94 DONE  adv=0.5254  win_rate=99%  ETA=5 days, 11:25:02
2026-04-04 20:27:35  [549/2860] n=80 β=20 seed=96 DONE  adv=0.2306  win_rate=99%  ETA=5 days, 11:17:58
2026-04-04 20:28:11  [550/2860] n=80 β=20 seed=95 DONE  adv=0.2722  win_rate=99%  ETA=5 days, 11:02:45
2026-04-04 20:28:19  [551/2860] n=80 β=20 seed=97 DONE  adv=0.5359  win_rate=99%  ETA=5 days, 10:45:39
2026-04-04 20:29:47  [552/2860] n=80 β=20 seed=98 DONE  adv=0.4480  win_rate=99%  ETA=5 days, 10:34:12
2026-04-04 20:30:36  [553/2860] n=70 β=40 seed=94 DONE  adv=0.1640  win_rate=99%  ETA=5 days, 10:20:04
2026-04-04 20:31:00  [554/2860] n=70 β=40 seed=95 DONE  adv=0.2699  win_rate=99%  ETA=5 days, 10:04:14
2026-04-04 20:33:06  [555/2860] n=80 β=20 seed=99 DONE  adv=0.3288  win_rate=99%  ETA=5 days, 9:55:29
2026-04-04 20:33:06  [556/2860] n=80 β=20 seed=100 DONE  adv=0.4037  win_rate=99%  ETA=5 days, 9:38:07
2026-04-04 20:42:57  [557/2860] n=70 β=40 seed=97 DONE  adv=0.1539  win_rate=99%  ETA=5 days, 10:01:29
2026-04-04 20:45:16  [558/2860] n=70 β=40 seed=99 DONE  adv=0.3453  win_rate=99%  ETA=5 days, 9:53:42
2026-04-04 20:48:51  [559/2860] n=70 β=40 seed=98 DONE  adv=0.4188  win_rate=99%  ETA=5 days, 9:51:09
2026-04-04 20:51:30  [560/2860] n=70 β=40 seed=100 DONE  adv=0.3859  win_rate=99%  ETA=5 days, 9:44:44
2026-04-04 21:15:25  [561/2860] n=80 β=30 seed=1 DONE  adv=0.4738  win_rate=99%  ETA=5 days, 11:05:28
2026-04-04 21:17:08  [562/2860] n=80 β=30 seed=2 DONE  adv=0.4206  win_rate=99%  ETA=5 days, 10:55:06
2026-04-04 21:17:34  [563/2860] n=80 β=30 seed=4 DONE  adv=0.4854  win_rate=99%  ETA=5 days, 10:39:30
2026-04-04 21:17:35  [564/2860] n=80 β=30 seed=5 DONE  adv=0.4898  win_rate=99%  ETA=5 days, 10:22:13
2026-04-04 21:18:06  [565/2860] n=80 β=30 seed=6 DONE  adv=0.4927  win_rate=99%  ETA=5 days, 10:07:06
2026-04-04 21:18:11  [566/2860] n=80 β=30 seed=3 DONE  adv=0.2185  win_rate=99%  ETA=5 days, 9:50:13
2026-04-04 21:18:48  [567/2860] n=80 β=30 seed=9 DONE  adv=0.5683  win_rate=99%  ETA=5 days, 9:35:38
2026-04-04 21:19:00  [568/2860] n=80 β=30 seed=8 DONE  adv=0.5057  win_rate=99%  ETA=5 days, 9:19:20
2026-04-04 21:19:10  [569/2860] n=80 β=30 seed=7 DONE  adv=0.4957  win_rate=99%  ETA=5 days, 9:03:00
2026-04-04 21:20:23  [570/2860] n=80 β=30 seed=10 DONE  adv=0.7044  win_rate=99%  ETA=5 days, 8:50:55
2026-04-04 21:22:12  [571/2860] n=80 β=30 seed=12 DONE  adv=0.8931  win_rate=99%  ETA=5 days, 8:41:17
2026-04-04 21:22:46  [572/2860] n=80 β=30 seed=13 DONE  adv=1.0560  win_rate=99%  ETA=5 days, 8:26:42
2026-04-04 21:22:51  [573/2860] n=80 β=30 seed=11 DONE  adv=0.7354  win_rate=99%  ETA=5 days, 8:10:15
2026-04-04 21:24:29  [574/2860] n=80 β=30 seed=14 DONE  adv=0.5353  win_rate=99%  ETA=5 days, 8:00:00
2026-04-04 21:24:51  [575/2860] n=80 β=30 seed=15 DONE  adv=0.6060  win_rate=99%  ETA=5 days, 7:44:44
2026-04-04 21:26:49  [576/2860] n=80 β=30 seed=16 DONE  adv=0.4841  win_rate=99%  ETA=5 days, 7:35:51
2026-04-04 21:28:23  [577/2860] n=80 β=30 seed=18 DONE  adv=0.2527  win_rate=99%  ETA=5 days, 7:25:27
2026-04-04 21:28:55  [578/2860] n=80 β=30 seed=17 DONE  adv=0.5232  win_rate=99%  ETA=5 days, 7:10:57
2026-04-04 21:37:50  [579/2860] n=80 β=30 seed=19 DONE  adv=0.5658  win_rate=99%  ETA=5 days, 7:29:34
2026-04-04 21:40:40  [580/2860] n=80 β=30 seed=20 DONE  adv=0.5807  win_rate=99%  ETA=5 days, 7:24:10
2026-04-04 21:42:33  [581/2860] n=80 β=30 seed=21 DONE  adv=0.5037  win_rate=99%  ETA=5 days, 7:15:04
2026-04-04 21:46:07  [582/2860] n=80 β=30 seed=22 DONE  adv=0.4915  win_rate=99%  ETA=5 days, 7:12:34
2026-04-04 22:10:41  [583/2860] n=80 β=30 seed=23 DONE  adv=0.7787  win_rate=99%  ETA=5 days, 8:32:06
2026-04-04 22:11:25  [584/2860] n=80 β=30 seed=26 DONE  adv=0.5864  win_rate=99%  ETA=5 days, 8:18:21
2026-04-04 22:11:25  [585/2860] n=80 β=30 seed=24 DONE  adv=0.6338  win_rate=99%  ETA=5 days, 8:01:50
2026-04-04 22:12:18  [586/2860] n=80 β=30 seed=25 DONE  adv=0.5319  win_rate=99%  ETA=5 days, 7:48:45
2026-04-04 22:12:46  [587/2860] n=80 β=30 seed=27 DONE  adv=0.6349  win_rate=99%  ETA=5 days, 7:34:07
2026-04-04 22:12:46  [588/2860] n=80 β=30 seed=28 DONE  adv=0.7731  win_rate=99%  ETA=5 days, 7:17:46
2026-04-04 22:13:01  [589/2860] n=80 β=30 seed=30 DONE  adv=0.9566  win_rate=99%  ETA=5 days, 7:02:23
2026-04-04 22:13:24  [590/2860] n=80 β=30 seed=29 DONE  adv=0.6434  win_rate=99%  ETA=5 days, 6:47:36
2026-04-04 22:14:14  [591/2860] n=80 β=30 seed=31 DONE  adv=0.6970  win_rate=99%  ETA=5 days, 6:34:34
2026-04-04 22:15:20  [592/2860] n=80 β=30 seed=32 DONE  adv=0.7991  win_rate=99%  ETA=5 days, 6:22:38
2026-04-04 22:17:08  [593/2860] n=80 β=30 seed=33 DONE  adv=0.5243  win_rate=99%  ETA=5 days, 6:13:24
2026-04-04 22:17:31  [594/2860] n=80 β=30 seed=34 DONE  adv=0.7533  win_rate=99%  ETA=5 days, 5:58:48
2026-04-04 22:18:01  [595/2860] n=80 β=30 seed=35 DONE  adv=0.4236  win_rate=99%  ETA=5 days, 5:44:37
2026-04-04 22:19:04  [596/2860] n=80 β=30 seed=37 DONE  adv=0.2802  win_rate=99%  ETA=5 days, 5:32:39
2026-04-04 22:19:13  [597/2860] n=80 β=30 seed=36 DONE  adv=0.6674  win_rate=99%  ETA=5 days, 5:17:17
2026-04-04 22:21:04  [598/2860] n=80 β=30 seed=38 DONE  adv=0.8514  win_rate=99%  ETA=5 days, 5:08:24
2026-04-04 22:24:01  [599/2860] n=80 β=30 seed=40 DONE  adv=0.2806  win_rate=99%  ETA=5 days, 5:03:39
2026-04-04 22:30:42  [600/2860] n=80 β=30 seed=39 DONE  adv=0.4228  win_rate=99%  ETA=5 days, 5:13:01
2026-04-04 22:33:47  [601/2860] n=80 β=30 seed=41 DONE  adv=0.2921  win_rate=99%  ETA=5 days, 5:08:49
2026-04-04 22:35:04  [602/2860] n=80 β=30 seed=42 DONE  adv=0.7948  win_rate=99%  ETA=5 days, 4:57:47
2026-04-04 22:38:35  [603/2860] n=80 β=30 seed=43 DONE  adv=0.6512  win_rate=99%  ETA=5 days, 4:55:12
2026-04-04 22:40:46  [604/2860] n=80 β=30 seed=44 DONE  adv=0.9986  win_rate=99%  ETA=5 days, 4:47:40
2026-04-04 23:05:30  [605/2860] n=80 β=30 seed=45 DONE  adv=0.6770  win_rate=99%  ETA=5 days, 6:04:09
2026-04-04 23:06:07  [606/2860] n=80 β=30 seed=47 DONE  adv=0.2329  win_rate=99%  ETA=5 days, 5:50:37
2026-04-04 23:06:37  [607/2860] n=80 β=30 seed=46 DONE  adv=0.7889  win_rate=99%  ETA=5 days, 5:36:43
2026-04-04 23:07:52  [608/2860] n=80 β=30 seed=48 DONE  adv=0.1395  win_rate=99%  ETA=5 days, 5:25:37
2026-04-04 23:08:05  [609/2860] n=80 β=30 seed=49 DONE  adv=0.6964  win_rate=99%  ETA=5 days, 5:10:40
2026-04-04 23:08:21  [610/2860] n=80 β=30 seed=51 DONE  adv=0.4701  win_rate=99%  ETA=5 days, 4:56:03
2026-04-04 23:08:25  [611/2860] n=80 β=30 seed=52 DONE  adv=0.8822  win_rate=99%  ETA=5 days, 4:40:43
2026-04-04 23:08:26  [612/2860] n=80 β=30 seed=50 DONE  adv=0.4526  win_rate=99%  ETA=5 days, 4:25:13
2026-04-04 23:09:50  [613/2860] n=80 β=30 seed=53 DONE  adv=0.8204  win_rate=99%  ETA=5 days, 4:14:52
2026-04-04 23:11:14  [614/2860] n=80 β=30 seed=54 DONE  adv=0.5990  win_rate=99%  ETA=5 days, 4:04:30
2026-04-04 23:11:33  [615/2860] n=80 β=30 seed=55 DONE  adv=0.7623  win_rate=99%  ETA=5 days, 3:50:16
2026-04-04 23:11:53  [616/2860] n=80 β=30 seed=56 DONE  adv=0.4653  win_rate=99%  ETA=5 days, 3:36:06
2026-04-04 23:13:14  [617/2860] n=80 β=30 seed=58 DONE  adv=0.3686  win_rate=99%  ETA=5 days, 3:25:42
2026-04-04 23:13:26  [618/2860] n=80 β=30 seed=59 DONE  adv=0.3872  win_rate=99%  ETA=5 days, 3:11:07
2026-04-04 23:13:30  [619/2860] n=80 β=30 seed=57 DONE  adv=0.2165  win_rate=99%  ETA=5 days, 2:56:09
2026-04-04 23:15:46  [620/2860] n=80 β=30 seed=60 DONE  adv=0.6085  win_rate=99%  ETA=5 days, 2:49:07
2026-04-04 23:19:21  [621/2860] n=80 β=30 seed=61 DONE  adv=0.5233  win_rate=99%  ETA=5 days, 2:46:56
2026-04-04 23:26:11  [622/2860] n=80 β=30 seed=62 DONE  adv=0.4370  win_rate=99%  ETA=5 days, 2:56:24
2026-04-04 23:28:53  [623/2860] n=80 β=30 seed=63 DONE  adv=0.8283  win_rate=99%  ETA=5 days, 2:50:57
2026-04-04 23:30:32  [624/2860] n=80 β=30 seed=64 DONE  adv=0.4620  win_rate=99%  ETA=5 days, 2:41:46
2026-04-04 23:32:26  [625/2860] n=80 β=30 seed=65 DONE  adv=0.7135  win_rate=99%  ETA=5 days, 2:33:30
2026-04-04 23:36:05  [626/2860] n=80 β=30 seed=66 DONE  adv=0.2866  win_rate=99%  ETA=5 days, 2:31:28
2026-04-04 23:58:52  [627/2860] n=80 β=30 seed=67 DONE  adv=0.6440  win_rate=99%  ETA=5 days, 3:37:35
2026-04-04 23:59:29  [628/2860] n=80 β=30 seed=68 DONE  adv=0.7636  win_rate=99%  ETA=5 days, 3:24:39
2026-04-05 00:00:47  [629/2860] n=80 β=30 seed=70 DONE  adv=0.5203  win_rate=99%  ETA=5 days, 3:14:13
2026-04-05 00:01:03  [630/2860] n=80 β=30 seed=72 DONE  adv=0.7033  win_rate=99%  ETA=5 days, 3:00:05
2026-04-05 00:01:06  [631/2860] n=80 β=30 seed=69 DONE  adv=0.5040  win_rate=99%  ETA=5 days, 2:45:18
2026-04-05 00:01:30  [632/2860] n=80 β=30 seed=73 DONE  adv=0.5053  win_rate=99%  ETA=5 days, 2:31:45
2026-04-05 00:01:40  [633/2860] n=80 β=30 seed=71 DONE  adv=0.6650  win_rate=99%  ETA=5 days, 2:17:23
2026-04-05 00:02:16  [634/2860] n=80 β=30 seed=74 DONE  adv=0.3062  win_rate=99%  ETA=5 days, 2:04:37
2026-04-05 00:02:28  [635/2860] n=80 β=30 seed=75 DONE  adv=0.6122  win_rate=99%  ETA=5 days, 1:50:32
2026-04-05 00:04:50  [636/2860] n=80 β=30 seed=76 DONE  adv=0.4574  win_rate=99%  ETA=5 days, 1:44:00
2026-04-05 00:05:35  [637/2860] n=80 β=30 seed=77 DONE  adv=0.6738  win_rate=99%  ETA=5 days, 1:31:53
2026-04-05 00:05:39  [638/2860] n=80 β=30 seed=79 DONE  adv=0.4992  win_rate=99%  ETA=5 days, 1:17:25
2026-04-05 00:06:20  [639/2860] n=80 β=30 seed=78 DONE  adv=0.4050  win_rate=99%  ETA=5 days, 1:05:10
2026-04-05 00:06:26  [640/2860] n=80 β=30 seed=81 DONE  adv=0.8151  win_rate=99%  ETA=5 days, 0:50:54
2026-04-05 00:08:19  [641/2860] n=80 β=30 seed=80 DONE  adv=0.2507  win_rate=99%  ETA=5 days, 0:42:51
2026-04-05 00:09:44  [642/2860] n=80 β=30 seed=82 DONE  adv=0.4889  win_rate=99%  ETA=5 days, 0:33:10
2026-04-05 00:13:28  [643/2860] n=80 β=30 seed=83 DONE  adv=0.5744  win_rate=99%  ETA=5 days, 0:31:31
2026-04-05 00:18:28  [644/2860] n=80 β=30 seed=84 DONE  adv=0.3425  win_rate=99%  ETA=5 days, 0:34:15
2026-04-05 00:21:08  [645/2860] n=80 β=30 seed=85 DONE  adv=0.5190  win_rate=99%  ETA=5 days, 0:28:56
2026-04-05 00:22:02  [646/2860] n=80 β=30 seed=86 DONE  adv=0.6710  win_rate=99%  ETA=5 days, 0:17:33
2026-04-05 00:24:29  [647/2860] n=80 β=30 seed=87 DONE  adv=0.8905  win_rate=99%  ETA=5 days, 0:11:31
2026-04-05 00:28:02  [648/2860] n=80 β=30 seed=88 DONE  adv=0.8208  win_rate=99%  ETA=5 days, 0:09:18
2026-04-05 00:50:54  [649/2860] n=80 β=30 seed=90 DONE  adv=0.6074  win_rate=99%  ETA=5 days, 1:12:50
2026-04-05 00:50:56  [650/2860] n=80 β=30 seed=89 DONE  adv=0.5196  win_rate=99%  ETA=5 days, 0:58:29
2026-04-05 00:52:22  [651/2860] n=80 β=30 seed=91 DONE  adv=0.7471  win_rate=99%  ETA=5 days, 0:48:52
2026-04-05 00:52:31  [652/2860] n=80 β=30 seed=92 DONE  adv=0.6282  win_rate=99%  ETA=5 days, 0:35:00
2026-04-05 00:53:15  [653/2860] n=80 β=30 seed=94 DONE  adv=0.4060  win_rate=99%  ETA=5 days, 0:23:07
2026-04-05 00:53:57  [654/2860] n=80 β=30 seed=97 DONE  adv=1.0436  win_rate=99%  ETA=5 days, 0:11:12
2026-04-05 00:54:21  [655/2860] n=80 β=30 seed=93 DONE  adv=0.5770  win_rate=99%  ETA=4 days, 23:58:16
2026-04-05 00:54:31  [656/2860] n=80 β=30 seed=96 DONE  adv=0.4918  win_rate=99%  ETA=4 days, 23:44:36
2026-04-05 00:56:14  [657/2860] n=80 β=30 seed=98 DONE  adv=0.3391  win_rate=99%  ETA=4 days, 23:36:08
2026-04-05 00:56:27  [658/2860] n=80 β=30 seed=100 DONE  adv=0.6559  win_rate=99%  ETA=4 days, 23:22:45
2026-04-05 00:57:37  [659/2860] n=80 β=30 seed=99 DONE  adv=0.7874  win_rate=99%  ETA=4 days, 23:12:31
2026-04-05 01:00:53  [660/2860] n=80 β=30 seed=95 DONE  adv=0.6902  win_rate=99%  ETA=4 days, 23:09:20
2026-04-05 02:35:40  [661/2860] n=80 β=40 seed=2 DONE  adv=0.4622  win_rate=99%  ETA=5 days, 7:30:10
2026-04-05 02:37:18  [662/2860] n=80 β=40 seed=1 DONE  adv=0.3681  win_rate=99%  ETA=5 days, 7:20:34
2026-04-05 02:37:34  [663/2860] n=80 β=40 seed=3 DONE  adv=0.2825  win_rate=99%  ETA=5 days, 7:06:27
2026-04-05 02:46:38  [664/2860] n=80 β=40 seed=6 DONE  adv=0.4090  win_rate=99%  ETA=5 days, 7:21:30
2026-04-05 02:46:59  [665/2860] n=80 β=40 seed=4 DONE  adv=0.3433  win_rate=99%  ETA=5 days, 7:07:39
2026-04-05 02:48:21  [666/2860] n=80 β=40 seed=8 DONE  adv=0.5562  win_rate=99%  ETA=5 days, 6:57:17
2026-04-05 02:50:46  [667/2860] n=80 β=40 seed=7 DONE  adv=0.4499  win_rate=99%  ETA=5 days, 6:50:19
2026-04-05 02:58:49  [668/2860] n=80 β=40 seed=5 DONE  adv=0.6018  win_rate=99%  ETA=5 days, 7:01:53
2026-04-05 03:11:47  [669/2860] n=80 β=40 seed=10 DONE  adv=0.3504  win_rate=99%  ETA=5 days, 7:29:28
2026-04-05 03:15:10  [670/2860] n=80 β=40 seed=9 DONE  adv=0.4895  win_rate=99%  ETA=5 days, 7:25:38
2026-04-05 03:16:51  [671/2860] n=80 β=40 seed=12 DONE  adv=0.7135  win_rate=99%  ETA=5 days, 7:16:14
2026-04-05 03:20:02  [672/2860] n=80 β=40 seed=15 DONE  adv=0.4036  win_rate=99%  ETA=5 days, 7:11:46
2026-04-05 03:20:27  [673/2860] n=80 β=40 seed=14 DONE  adv=0.5528  win_rate=99%  ETA=5 days, 6:58:16
2026-04-05 03:21:13  [674/2860] n=80 β=40 seed=18 DONE  adv=0.4936  win_rate=99%  ETA=5 days, 6:46:00
2026-04-05 03:24:12  [675/2860] n=80 β=40 seed=19 DONE  adv=0.5796  win_rate=99%  ETA=5 days, 6:40:54
2026-04-05 03:26:08  [676/2860] n=80 β=40 seed=16 DONE  adv=0.3818  win_rate=99%  ETA=5 days, 6:32:26
2026-04-05 03:29:11  [677/2860] n=80 β=40 seed=22 DONE  adv=0.2870  win_rate=99%  ETA=5 days, 6:27:34
2026-04-05 03:29:45  [678/2860] n=80 β=40 seed=17 DONE  adv=0.4951  win_rate=99%  ETA=5 days, 6:14:44
2026-04-05 03:32:29  [679/2860] n=80 β=40 seed=13 DONE  adv=0.3933  win_rate=99%  ETA=5 days, 6:08:55
2026-04-05 03:37:27  [680/2860] n=80 β=40 seed=21 DONE  adv=0.2538  win_rate=99%  ETA=5 days, 6:10:14
2026-04-05 03:40:59  [681/2860] n=80 β=40 seed=11 DONE  adv=0.5303  win_rate=99%  ETA=5 days, 6:06:57
2026-04-05 03:42:07  [682/2860] n=80 β=40 seed=20 DONE  adv=0.5509  win_rate=99%  ETA=5 days, 5:56:01
2026-04-05 06:00:05  [683/2860] n=80 β=40 seed=23 DONE  adv=0.4103  win_rate=99%  ETA=5 days, 13:01:14
2026-04-05 06:05:03  [684/2860] n=80 β=40 seed=24 DONE  adv=0.3072  win_rate=99%  ETA=5 days, 13:01:44
2026-04-05 06:09:05  [685/2860] n=80 β=40 seed=27 DONE  adv=0.6997  win_rate=99%  ETA=5 days, 12:59:12
2026-04-05 06:14:20  [686/2860] n=80 β=40 seed=26 DONE  adv=0.6618  win_rate=99%  ETA=5 days, 13:00:32
2026-04-05 06:20:36  [687/2860] n=80 β=40 seed=29 DONE  adv=0.4130  win_rate=99%  ETA=5 days, 13:05:05
2026-04-05 06:21:54  [688/2860] n=80 β=40 seed=25 DONE  adv=0.1235  win_rate=99%  ETA=5 days, 12:53:55
2026-04-05 06:23:31  [689/2860] n=80 β=40 seed=28 DONE  adv=0.4237  win_rate=99%  ETA=5 days, 12:43:46
2026-04-05 06:31:53  [690/2860] n=80 β=40 seed=31 DONE  adv=0.2949  win_rate=99%  ETA=5 days, 12:54:54
2026-04-05 06:40:58  [691/2860] n=80 β=40 seed=33 DONE  adv=0.4235  win_rate=99%  ETA=5 days, 13:08:11
2026-04-05 06:43:17  [692/2860] n=80 β=40 seed=35 DONE  adv=0.2314  win_rate=99%  ETA=5 days, 13:00:12
2026-04-05 06:44:13  [693/2860] n=80 β=40 seed=32 DONE  adv=0.3185  win_rate=99%  ETA=5 days, 12:47:55
2026-04-05 06:44:20  [694/2860] n=80 β=40 seed=30 DONE  adv=0.3146  win_rate=99%  ETA=5 days, 12:33:10
2026-04-05 06:47:39  [695/2860] n=80 β=40 seed=37 DONE  adv=0.3765  win_rate=99%  ETA=5 days, 12:28:23
2026-04-05 06:48:33  [696/2860] n=80 β=40 seed=38 DONE  adv=0.6174  win_rate=99%  ETA=5 days, 12:16:06
2026-04-05 06:52:49  [697/2860] n=80 β=40 seed=40 DONE  adv=0.2466  win_rate=99%  ETA=5 days, 12:14:18
2026-04-05 06:54:36  [698/2860] n=80 β=40 seed=41 DONE  adv=0.3731  win_rate=99%  ETA=5 days, 12:04:46
2026-04-05 06:55:15  [699/2860] n=80 β=40 seed=36 DONE  adv=0.4874  win_rate=99%  ETA=5 days, 11:51:48
2026-04-05 06:55:22  [700/2860] n=80 β=40 seed=34 DONE  adv=0.3204  win_rate=99%  ETA=5 days, 11:37:10
2026-04-05 07:03:41  [701/2860] n=80 β=40 seed=42 DONE  adv=0.3902  win_rate=99%  ETA=5 days, 11:47:52
2026-04-05 07:09:51  [702/2860] n=80 β=40 seed=43 DONE  adv=0.3822  win_rate=99%  ETA=5 days, 11:51:55
2026-04-05 07:11:49  [703/2860] n=80 β=40 seed=44 DONE  adv=0.4243  win_rate=99%  ETA=5 days, 11:43:01
2026-04-05 07:17:20  [704/2860] n=80 β=40 seed=39 DONE  adv=0.3041  win_rate=99%  ETA=5 days, 11:45:03
2026-04-05 09:25:05  [705/2860] n=80 β=40 seed=45 DONE  adv=0.3459  win_rate=99%  ETA=5 days, 18:00:41
2026-04-05 09:34:35  [706/2860] n=80 β=40 seed=47 DONE  adv=0.4119  win_rate=99%  ETA=5 days, 18:14:06
2026-04-05 09:46:05  [707/2860] n=80 β=40 seed=49 DONE  adv=0.4599  win_rate=99%  ETA=5 days, 18:33:31
2026-04-05 09:47:23  [708/2860] n=80 β=40 seed=46 DONE  adv=0.3103  win_rate=99%  ETA=5 days, 18:21:54
2026-04-05 09:50:54  [709/2860] n=80 β=40 seed=51 DONE  adv=0.5718  win_rate=99%  ETA=5 days, 18:16:59
2026-04-05 09:55:21  [710/2860] n=80 β=40 seed=50 DONE  adv=0.4748  win_rate=99%  ETA=5 days, 18:14:57
2026-04-05 10:02:33  [711/2860] n=80 β=40 seed=48 DONE  adv=0.3133  win_rate=99%  ETA=5 days, 18:21:12
2026-04-05 10:11:27  [712/2860] n=80 β=40 seed=53 DONE  adv=0.4373  win_rate=99%  ETA=5 days, 18:32:31
2026-04-05 10:11:53  [713/2860] n=80 β=40 seed=52 DONE  adv=0.2319  win_rate=99%  ETA=5 days, 18:18:18
2026-04-05 10:17:34  [714/2860] n=80 β=40 seed=58 DONE  adv=0.2947  win_rate=99%  ETA=5 days, 18:19:54
2026-04-05 10:17:43  [715/2860] n=80 β=40 seed=56 DONE  adv=0.1686  win_rate=99%  ETA=5 days, 18:04:51
2026-04-05 10:18:15  [716/2860] n=80 β=40 seed=57 DONE  adv=0.3350  win_rate=99%  ETA=5 days, 17:51:03
2026-04-05 10:19:38  [717/2860] n=80 β=40 seed=59 DONE  adv=0.3252  win_rate=99%  ETA=5 days, 17:39:47
2026-04-05 10:19:56  [718/2860] n=80 β=40 seed=54 DONE  adv=0.3972  win_rate=99%  ETA=5 days, 17:25:19
2026-04-05 10:25:37  [719/2860] n=80 β=40 seed=62 DONE  adv=0.2505  win_rate=99%  ETA=5 days, 17:26:57
2026-04-05 10:25:53  [720/2860] n=80 β=40 seed=60 DONE  adv=0.2798  win_rate=99%  ETA=5 days, 17:12:25
2026-04-05 10:28:45  [721/2860] n=80 β=40 seed=55 DONE  adv=0.3987  win_rate=99%  ETA=5 days, 17:05:40
2026-04-05 10:37:18  [722/2860] n=80 β=40 seed=61 DONE  adv=0.3496  win_rate=99%  ETA=5 days, 17:15:46
2026-04-05 10:40:53  [723/2860] n=80 β=40 seed=64 DONE  adv=0.4871  win_rate=99%  ETA=5 days, 17:11:07
2026-04-05 10:56:40  [724/2860] n=80 β=40 seed=63 DONE  adv=0.7614  win_rate=99%  ETA=5 days, 17:42:28
2026-04-05 10:58:22  [725/2860] n=80 β=40 seed=66 DONE  adv=0.2237  win_rate=99%  ETA=5 days, 17:32:14
2026-04-05 10:59:51  [726/2860] n=80 β=40 seed=65 DONE  adv=0.3188  win_rate=99%  ETA=5 days, 17:21:21
2026-04-05 13:07:25  [727/2860] n=80 β=40 seed=67 DONE  adv=0.1992  win_rate=99%  ETA=5 days, 23:20:27
2026-04-05 13:17:51  [728/2860] n=80 β=40 seed=69 DONE  adv=0.2142  win_rate=99%  ETA=5 days, 23:35:07
2026-04-05 13:19:33  [729/2860] n=80 β=40 seed=68 DONE  adv=0.2069  win_rate=99%  ETA=5 days, 23:24:15
2026-04-05 13:31:51  [730/2860] n=80 β=40 seed=72 DONE  adv=0.4229  win_rate=99%  ETA=5 days, 23:44:19
2026-04-05 13:37:49  [731/2860] n=80 β=40 seed=71 DONE  adv=0.3987  win_rate=99%  ETA=5 days, 23:45:53
2026-04-05 13:37:57  [732/2860] n=80 β=40 seed=73 DONE  adv=0.6616  win_rate=99%  ETA=5 days, 23:30:24
2026-04-05 13:45:05  [733/2860] n=80 β=40 seed=74 DONE  adv=0.2718  win_rate=99%  ETA=5 days, 23:35:19
2026-04-05 13:46:37  [734/2860] n=80 β=40 seed=70 DONE  adv=0.4644  win_rate=99%  ETA=5 days, 23:24:00
2026-04-05 13:49:30  [735/2860] n=80 β=40 seed=76 DONE  adv=0.6386  win_rate=99%  ETA=5 days, 23:16:35
2026-04-05 13:50:02  [736/2860] n=80 β=40 seed=79 DONE  adv=0.7046  win_rate=99%  ETA=5 days, 23:02:23
2026-04-05 13:50:02  [737/2860] n=80 β=40 seed=80 DONE  adv=0.2148  win_rate=99%  ETA=5 days, 22:46:43
2026-04-05 13:50:24  [738/2860] n=80 β=40 seed=77 DONE  adv=0.3140  win_rate=99%  ETA=5 days, 22:32:10
2026-04-05 13:56:18  [739/2860] n=80 β=40 seed=78 DONE  adv=0.4260  win_rate=99%  ETA=5 days, 22:33:27
2026-04-05 14:00:01  [740/2860] n=80 β=40 seed=81 DONE  adv=0.5713  win_rate=99%  ETA=5 days, 22:28:33
2026-04-05 14:00:59  [741/2860] n=80 β=40 seed=83 DONE  adv=0.4050  win_rate=99%  ETA=5 days, 22:15:45
2026-04-05 14:02:07  [742/2860] n=80 β=40 seed=82 DONE  adv=0.3895  win_rate=99%  ETA=5 days, 22:03:26
2026-04-05 14:02:34  [743/2860] n=80 β=40 seed=75 DONE  adv=0.3707  win_rate=99%  ETA=5 days, 21:49:14
2026-04-05 14:08:34  [744/2860] n=80 β=40 seed=84 DONE  adv=0.4011  win_rate=99%  ETA=5 days, 21:50:50
2026-04-05 14:15:11  [745/2860] n=90 β=20 seed=1 DONE  adv=0.4259  win_rate=99%  ETA=5 days, 21:54:12
2026-04-05 14:15:59  [746/2860] n=80 β=40 seed=85 DONE  adv=0.4636  win_rate=99%  ETA=5 days, 21:41:01
2026-04-05 14:18:35  [747/2860] n=90 β=20 seed=2 DONE  adv=0.3365  win_rate=99%  ETA=5 days, 21:32:59
2026-04-05 14:19:26  [748/2860] n=90 β=20 seed=3 DONE  adv=0.9508  win_rate=99%  ETA=5 days, 21:20:01
2026-04-05 14:20:37  [749/2860] n=90 β=20 seed=5 DONE  adv=0.4944  win_rate=99%  ETA=5 days, 21:08:01
2026-04-05 14:20:38  [750/2860] n=90 β=20 seed=4 DONE  adv=0.5214  win_rate=99%  ETA=5 days, 20:52:46
2026-04-05 14:25:52  [751/2860] n=80 β=40 seed=86 DONE  adv=0.3466  win_rate=99%  ETA=5 days, 20:52:12
2026-04-05 14:26:38  [752/2860] n=90 β=20 seed=6 DONE  adv=0.5697  win_rate=99%  ETA=5 days, 20:39:07
2026-04-05 14:32:44  [753/2860] n=80 β=40 seed=88 DONE  adv=0.3831  win_rate=99%  ETA=5 days, 20:40:58
2026-04-05 14:34:04  [754/2860] n=90 β=20 seed=7 DONE  adv=0.2707  win_rate=99%  ETA=5 days, 20:29:31
2026-04-05 14:34:05  [755/2860] n=90 β=20 seed=8 DONE  adv=0.8296  win_rate=99%  ETA=5 days, 20:14:25
2026-04-05 14:37:21  [756/2860] n=90 β=20 seed=9 DONE  adv=0.8423  win_rate=99%  ETA=5 days, 20:08:21
2026-04-05 14:37:51  [757/2860] n=90 β=20 seed=10 DONE  adv=0.3453  win_rate=99%  ETA=5 days, 19:54:40
2026-04-05 14:38:46  [758/2860] n=80 β=40 seed=87 DONE  adv=0.2563  win_rate=99%  ETA=5 days, 19:42:09
2026-04-05 14:38:55  [759/2860] n=90 β=20 seed=12 DONE  adv=0.4720  win_rate=99%  ETA=5 days, 19:27:31
2026-04-05 14:39:05  [760/2860] n=90 β=20 seed=11 DONE  adv=0.4410  win_rate=99%  ETA=5 days, 19:13:01
2026-04-05 14:44:31  [761/2860] n=90 β=20 seed=13 DONE  adv=0.3201  win_rate=99%  ETA=5 days, 19:13:02
2026-04-05 14:44:52  [762/2860] n=90 β=20 seed=14 DONE  adv=0.6787  win_rate=99%  ETA=5 days, 18:59:04
2026-04-05 14:51:13  [763/2860] n=90 β=20 seed=15 DONE  adv=0.3757  win_rate=99%  ETA=5 days, 19:01:36
2026-04-05 14:52:27  [764/2860] n=90 β=20 seed=17 DONE  adv=0.1742  win_rate=99%  ETA=5 days, 18:50:06
2026-04-05 14:52:44  [765/2860] n=90 β=20 seed=16 DONE  adv=0.9110  win_rate=99%  ETA=5 days, 18:36:01
2026-04-05 14:55:52  [766/2860] n=90 β=20 seed=18 DONE  adv=0.3816  win_rate=99%  ETA=5 days, 18:29:47
2026-04-05 14:56:23  [767/2860] n=90 β=20 seed=19 DONE  adv=0.4904  win_rate=99%  ETA=5 days, 18:16:22
2026-04-05 14:57:22  [768/2860] n=90 β=20 seed=22 DONE  adv=0.3356  win_rate=99%  ETA=5 days, 18:04:17
2026-04-05 14:57:25  [769/2860] n=90 β=20 seed=21 DONE  adv=0.4982  win_rate=99%  ETA=5 days, 17:49:42
2026-04-05 14:57:29  [770/2860] n=90 β=20 seed=20 DONE  adv=0.1604  win_rate=99%  ETA=5 days, 17:35:11
2026-04-05 15:03:04  [771/2860] n=90 β=20 seed=23 DONE  adv=0.5417  win_rate=99%  ETA=5 days, 17:35:42
2026-04-05 15:03:09  [772/2860] n=90 β=20 seed=24 DONE  adv=0.8554  win_rate=99%  ETA=5 days, 17:21:15
2026-04-05 15:09:30  [773/2860] n=90 β=20 seed=25 DONE  adv=0.5655  win_rate=99%  ETA=5 days, 17:23:47
2026-04-05 15:10:51  [774/2860] n=90 β=20 seed=26 DONE  adv=0.4681  win_rate=99%  ETA=5 days, 17:12:51
2026-04-05 15:11:07  [775/2860] n=90 β=20 seed=27 DONE  adv=0.5671  win_rate=99%  ETA=5 days, 16:59:00
2026-04-05 15:14:27  [776/2860] n=90 β=20 seed=28 DONE  adv=0.6809  win_rate=99%  ETA=5 days, 16:53:25
2026-04-05 15:14:53  [777/2860] n=90 β=20 seed=29 DONE  adv=1.0206  win_rate=99%  ETA=5 days, 16:40:05
2026-04-05 15:15:35  [778/2860] n=90 β=20 seed=32 DONE  adv=0.4447  win_rate=99%  ETA=5 days, 16:27:29
2026-04-05 15:15:43  [779/2860] n=90 β=20 seed=30 DONE  adv=0.6906  win_rate=99%  ETA=5 days, 16:13:24
2026-04-05 15:15:46  [780/2860] n=90 β=20 seed=31 DONE  adv=0.3204  win_rate=99%  ETA=5 days, 15:59:09
2026-04-05 15:21:20  [781/2860] n=90 β=20 seed=34 DONE  adv=0.8371  win_rate=99%  ETA=5 days, 15:59:35
2026-04-05 15:21:27  [782/2860] n=90 β=20 seed=33 DONE  adv=0.5527  win_rate=99%  ETA=5 days, 15:45:32
2026-04-05 15:27:43  [783/2860] n=90 β=20 seed=35 DONE  adv=0.3611  win_rate=99%  ETA=5 days, 15:47:50
2026-04-05 15:29:10  [784/2860] n=90 β=20 seed=36 DONE  adv=0.7964  win_rate=99%  ETA=5 days, 15:37:22
2026-04-05 15:29:33  [785/2860] n=90 β=20 seed=37 DONE  adv=0.4697  win_rate=99%  ETA=5 days, 15:24:06
2026-04-05 15:33:05  [786/2860] n=90 β=20 seed=38 DONE  adv=0.7670  win_rate=99%  ETA=5 days, 15:19:11
2026-04-05 15:33:21  [787/2860] n=90 β=20 seed=39 DONE  adv=0.4566  win_rate=99%  ETA=5 days, 15:05:39
2026-04-05 15:33:48  [788/2860] n=90 β=20 seed=41 DONE  adv=0.3138  win_rate=99%  ETA=5 days, 14:52:38
2026-04-05 15:33:55  [789/2860] n=90 β=20 seed=40 DONE  adv=0.2944  win_rate=99%  ETA=5 days, 14:38:48
2026-04-05 15:33:59  [790/2860] n=90 β=20 seed=42 DONE  adv=0.3413  win_rate=99%  ETA=5 days, 14:24:50
2026-04-05 15:39:44  [791/2860] n=90 β=20 seed=43 DONE  adv=0.4950  win_rate=99%  ETA=5 days, 14:25:48
2026-04-05 15:40:08  [792/2860] n=90 β=20 seed=44 DONE  adv=0.6575  win_rate=99%  ETA=5 days, 14:12:47
2026-04-05 15:46:17  [793/2860] n=90 β=20 seed=45 DONE  adv=0.6796  win_rate=99%  ETA=5 days, 14:14:45
2026-04-05 15:47:37  [794/2860] n=90 β=20 seed=46 DONE  adv=0.6208  win_rate=99%  ETA=5 days, 14:04:12
2026-04-05 15:48:25  [795/2860] n=90 β=20 seed=47 DONE  adv=0.6016  win_rate=99%  ETA=5 days, 13:52:17
2026-04-05 15:51:28  [796/2860] n=90 β=20 seed=48 DONE  adv=0.4990  win_rate=99%  ETA=5 days, 13:46:12
2026-04-05 15:51:51  [797/2860] n=90 β=20 seed=49 DONE  adv=0.4772  win_rate=99%  ETA=5 days, 13:33:14
2026-04-05 15:52:11  [798/2860] n=90 β=20 seed=51 DONE  adv=0.5378  win_rate=99%  ETA=5 days, 13:20:10
2026-04-05 15:52:16  [799/2860] n=90 β=20 seed=52 DONE  adv=0.4119  win_rate=99%  ETA=5 days, 13:06:30
2026-04-05 15:52:30  [800/2860] n=90 β=20 seed=50 DONE  adv=0.3600  win_rate=100%  ETA=5 days, 12:53:15
2026-04-05 15:57:54  [801/2860] n=90 β=20 seed=53 DONE  adv=0.4157  win_rate=100%  ETA=5 days, 12:53:18
2026-04-05 15:58:36  [802/2860] n=90 β=20 seed=54 DONE  adv=0.3492  win_rate=100%  ETA=5 days, 12:41:17
2026-04-05 16:05:04  [803/2860] n=90 β=20 seed=55 DONE  adv=0.6993  win_rate=100%  ETA=5 days, 12:44:05
2026-04-05 16:06:00  [804/2860] n=90 β=20 seed=56 DONE  adv=0.1834  win_rate=100%  ETA=5 days, 12:32:42
2026-04-05 16:06:52  [805/2860] n=90 β=20 seed=57 DONE  adv=0.2826  win_rate=100%  ETA=5 days, 12:21:09
2026-04-05 16:09:59  [806/2860] n=90 β=20 seed=58 DONE  adv=0.5217  win_rate=100%  ETA=5 days, 12:15:24
2026-04-05 16:10:14  [807/2860] n=90 β=20 seed=59 DONE  adv=0.3044  win_rate=100%  ETA=5 days, 12:02:20
2026-04-05 16:10:41  [808/2860] n=90 β=20 seed=60 DONE  adv=0.6226  win_rate=100%  ETA=5 days, 11:49:50
2026-04-05 16:10:57  [809/2860] n=90 β=20 seed=61 DONE  adv=0.3225  win_rate=100%  ETA=5 days, 11:36:51
2026-04-05 16:10:57  [810/2860] n=90 β=20 seed=62 DONE  adv=0.4818  win_rate=100%  ETA=5 days, 11:23:16
2026-04-05 16:16:27  [811/2860] n=90 β=20 seed=63 DONE  adv=0.2014  win_rate=100%  ETA=5 days, 11:23:37
2026-04-05 16:17:19  [812/2860] n=90 β=20 seed=64 DONE  adv=0.3257  win_rate=100%  ETA=5 days, 11:12:16
2026-04-05 16:23:45  [813/2860] n=90 β=20 seed=65 DONE  adv=0.4203  win_rate=100%  ETA=5 days, 11:14:57
2026-04-05 16:24:24  [814/2860] n=90 β=20 seed=66 DONE  adv=0.2688  win_rate=100%  ETA=5 days, 11:03:01
2026-04-05 16:25:33  [815/2860] n=90 β=20 seed=67 DONE  adv=0.7488  win_rate=100%  ETA=5 days, 10:52:27
2026-04-05 16:28:15  [816/2860] n=90 β=20 seed=68 DONE  adv=0.3062  win_rate=100%  ETA=5 days, 10:45:44
2026-04-05 16:28:30  [817/2860] n=90 β=20 seed=69 DONE  adv=0.4914  win_rate=100%  ETA=5 days, 10:32:56
2026-04-05 16:28:55  [818/2860] n=90 β=20 seed=70 DONE  adv=0.8056  win_rate=100%  ETA=5 days, 10:20:35
2026-04-05 16:29:08  [819/2860] n=90 β=20 seed=72 DONE  adv=0.3538  win_rate=100%  ETA=5 days, 10:07:44
2026-04-05 16:29:16  [820/2860] n=90 β=20 seed=71 DONE  adv=0.3622  win_rate=100%  ETA=5 days, 9:54:42
2026-04-05 16:34:34  [821/2860] n=90 β=20 seed=73 DONE  adv=0.4741  win_rate=100%  ETA=5 days, 9:54:34
2026-04-05 16:36:17  [822/2860] n=90 β=20 seed=74 DONE  adv=0.3793  win_rate=100%  ETA=5 days, 9:45:32
2026-04-05 16:42:27  [823/2860] n=90 β=20 seed=75 DONE  adv=0.5289  win_rate=100%  ETA=5 days, 9:47:30
2026-04-05 16:42:39  [824/2860] n=80 β=40 seed=90 DONE  adv=0.5491  win_rate=100%  ETA=5 days, 9:34:44
2026-04-05 16:42:52  [825/2860] n=90 β=20 seed=76 DONE  adv=0.6650  win_rate=100%  ETA=5 days, 9:22:02
2026-04-05 16:44:34  [826/2860] n=90 β=20 seed=77 DONE  adv=0.0727  win_rate=100%  ETA=5 days, 9:13:01
2026-04-05 16:46:26  [827/2860] n=90 β=20 seed=79 DONE  adv=0.3132  win_rate=100%  ETA=5 days, 9:04:27
2026-04-05 16:46:53  [828/2860] n=90 β=20 seed=78 DONE  adv=0.8502  win_rate=100%  ETA=5 days, 8:52:23
2026-04-05 16:47:10  [829/2860] n=90 β=20 seed=81 DONE  adv=0.7026  win_rate=100%  ETA=5 days, 8:39:57
2026-04-05 16:47:32  [830/2860] n=90 β=20 seed=80 DONE  adv=0.2530  win_rate=100%  ETA=5 days, 8:27:44
2026-04-05 16:47:50  [831/2860] n=90 β=20 seed=82 DONE  adv=0.3813  win_rate=100%  ETA=5 days, 8:15:23
2026-04-05 16:52:51  [832/2860] n=90 β=20 seed=83 DONE  adv=0.0057  win_rate=100%  ETA=5 days, 8:14:35
2026-04-05 16:54:32  [833/2860] n=80 β=40 seed=91 DONE  adv=0.3640  win_rate=100%  ETA=5 days, 8:05:41
2026-04-05 16:54:54  [834/2860] n=80 β=40 seed=89 DONE  adv=0.4205  win_rate=100%  ETA=5 days, 7:53:33
2026-04-05 16:54:55  [835/2860] n=90 β=20 seed=84 DONE  adv=0.5061  win_rate=100%  ETA=5 days, 7:40:38
2026-04-05 17:00:52  [836/2860] n=90 β=20 seed=85 DONE  adv=0.3690  win_rate=100%  ETA=5 days, 7:42:05
2026-04-05 17:01:10  [837/2860] n=90 β=20 seed=86 DONE  adv=0.3464  win_rate=100%  ETA=5 days, 7:29:52
2026-04-05 17:01:11  [838/2860] n=90 β=20 seed=87 DONE  adv=0.4138  win_rate=100%  ETA=5 days, 7:17:00
2026-04-05 17:02:30  [839/2860] n=80 β=40 seed=92 DONE  adv=0.4941  win_rate=100%  ETA=5 days, 7:07:18
2026-04-05 17:02:57  [840/2860] n=90 β=20 seed=88 DONE  adv=0.5687  win_rate=100%  ETA=5 days, 6:55:33
2026-04-05 17:04:22  [841/2860] n=90 β=20 seed=89 DONE  adv=0.4360  win_rate=100%  ETA=5 days, 6:46:06
2026-04-05 17:05:03  [842/2860] n=90 β=20 seed=90 DONE  adv=0.6004  win_rate=100%  ETA=5 days, 6:34:58
2026-04-05 17:05:31  [843/2860] n=90 β=20 seed=91 DONE  adv=0.7229  win_rate=100%  ETA=5 days, 6:23:17
2026-04-05 17:05:45  [844/2860] n=90 β=20 seed=92 DONE  adv=0.2261  win_rate=100%  ETA=5 days, 6:11:07
2026-04-05 17:06:46  [845/2860] n=80 β=40 seed=93 DONE  adv=0.4696  win_rate=100%  ETA=5 days, 6:00:50
2026-04-05 17:06:55  [846/2860] n=90 β=20 seed=93 DONE  adv=0.5320  win_rate=100%  ETA=5 days, 5:48:30
2026-04-05 17:08:57  [847/2860] n=80 β=40 seed=94 DONE  adv=0.3065  win_rate=100%  ETA=5 days, 5:40:41
2026-04-05 17:10:24  [848/2860] n=80 β=40 seed=98 DONE  adv=0.4061  win_rate=100%  ETA=5 days, 5:31:30
2026-04-05 17:11:07  [849/2860] n=90 β=20 seed=94 DONE  adv=0.3490  win_rate=100%  ETA=5 days, 5:20:34
2026-04-05 17:11:46  [850/2860] n=80 β=40 seed=95 DONE  adv=0.5074  win_rate=100%  ETA=5 days, 5:09:32
2026-04-05 17:12:47  [851/2860] n=90 β=20 seed=95 DONE  adv=0.5032  win_rate=100%  ETA=5 days, 4:59:23
2026-04-05 17:13:12  [852/2860] n=90 β=20 seed=96 DONE  adv=0.3095  win_rate=100%  ETA=5 days, 4:47:49
2026-04-05 17:13:33  [853/2860] n=90 β=20 seed=97 DONE  adv=0.6177  win_rate=100%  ETA=5 days, 4:36:08
2026-04-05 17:14:53  [854/2860] n=80 β=40 seed=96 DONE  adv=0.4301  win_rate=100%  ETA=5 days, 4:26:49
2026-04-05 17:15:16  [855/2860] n=80 β=40 seed=97 DONE  adv=0.6289  win_rate=100%  ETA=5 days, 4:15:15
2026-04-05 17:19:11  [856/2860] n=90 β=20 seed=100 DONE  adv=0.6653  win_rate=100%  ETA=5 days, 4:12:00
2026-04-05 17:19:25  [857/2860] n=90 β=20 seed=98 DONE  adv=0.4325  win_rate=100%  ETA=5 days, 4:00:09
2026-04-05 17:19:47  [858/2860] n=90 β=20 seed=99 DONE  adv=0.1869  win_rate=100%  ETA=5 days, 3:48:36
2026-04-05 17:20:44  [859/2860] n=80 β=40 seed=100 DONE  adv=0.3863  win_rate=100%  ETA=5 days, 3:38:29
2026-04-05 17:30:02  [860/2860] n=80 β=40 seed=99 DONE  adv=0.4404  win_rate=100%  ETA=5 days, 3:47:46
2026-04-05 18:07:08  [861/2860] n=90 β=30 seed=1 DONE  adv=0.8258  win_rate=100%  ETA=5 days, 5:01:34
2026-04-05 18:07:36  [862/2860] n=90 β=30 seed=2 DONE  adv=0.8451  win_rate=100%  ETA=5 days, 4:50:12
2026-04-05 18:08:16  [863/2860] n=90 β=30 seed=3 DONE  adv=0.6631  win_rate=100%  ETA=5 days, 4:39:19
2026-04-05 18:08:43  [864/2860] n=90 β=30 seed=4 DONE  adv=1.1231  win_rate=100%  ETA=5 days, 4:27:57
2026-04-05 18:09:17  [865/2860] n=90 β=30 seed=6 DONE  adv=0.7157  win_rate=100%  ETA=5 days, 4:16:55
2026-04-05 18:09:29  [866/2860] n=90 β=30 seed=7 DONE  adv=1.0967  win_rate=100%  ETA=5 days, 4:05:00
2026-04-05 18:09:30  [867/2860] n=90 β=30 seed=5 DONE  adv=0.9288  win_rate=100%  ETA=5 days, 3:52:45
2026-04-05 18:09:50  [868/2860] n=90 β=30 seed=8 DONE  adv=1.1960  win_rate=100%  ETA=5 days, 3:41:12
2026-04-05 18:14:27  [869/2860] n=90 β=30 seed=10 DONE  adv=0.8929  win_rate=100%  ETA=5 days, 3:39:32
2026-04-05 18:14:31  [870/2860] n=90 β=30 seed=9 DONE  adv=0.9616  win_rate=100%  ETA=5 days, 3:27:25
2026-04-05 18:15:40  [871/2860] n=90 β=30 seed=11 DONE  adv=0.8987  win_rate=100%  ETA=5 days, 3:17:50
2026-04-05 18:15:44  [872/2860] n=90 β=30 seed=13 DONE  adv=1.0782  win_rate=100%  ETA=5 days, 3:05:46
2026-04-05 18:15:46  [873/2860] n=90 β=30 seed=12 DONE  adv=1.1029  win_rate=100%  ETA=5 days, 2:53:41
2026-04-05 18:16:20  [874/2860] n=90 β=30 seed=14 DONE  adv=1.1373  win_rate=100%  ETA=5 days, 2:42:51
2026-04-05 18:17:40  [875/2860] n=90 β=30 seed=15 DONE  adv=0.8606  win_rate=100%  ETA=5 days, 2:33:44
2026-04-05 18:18:33  [876/2860] n=90 β=30 seed=17 DONE  adv=1.3912  win_rate=100%  ETA=5 days, 2:23:38
2026-04-05 18:18:57  [877/2860] n=90 β=30 seed=16 DONE  adv=0.7854  win_rate=100%  ETA=5 days, 2:12:29
2026-04-05 18:22:22  [878/2860] n=90 β=30 seed=18 DONE  adv=0.5806  win_rate=100%  ETA=5 days, 2:08:09
2026-04-05 18:24:16  [879/2860] n=90 β=30 seed=20 DONE  adv=1.0186  win_rate=100%  ETA=5 days, 2:00:25
2026-04-05 18:24:58  [880/2860] n=90 β=30 seed=21 DONE  adv=0.8848  win_rate=100%  ETA=5 days, 1:49:59
2026-04-05 18:25:45  [881/2860] n=90 β=30 seed=19 DONE  adv=0.3933  win_rate=100%  ETA=5 days, 1:39:45
2026-04-05 18:34:17  [882/2860] n=90 β=30 seed=22 DONE  adv=0.9935  win_rate=100%  ETA=5 days, 1:46:54
2026-04-05 19:11:35  [883/2860] n=90 β=30 seed=23 DONE  adv=0.8679  win_rate=100%  ETA=5 days, 2:58:28
2026-04-05 19:12:26  [884/2860] n=90 β=30 seed=26 DONE  adv=0.9149  win_rate=100%  ETA=5 days, 2:48:17
2026-04-05 19:12:34  [885/2860] n=90 β=30 seed=29 DONE  adv=1.1902  win_rate=100%  ETA=5 days, 2:36:32
2026-04-05 19:12:36  [886/2860] n=90 β=30 seed=24 DONE  adv=0.8094  win_rate=100%  ETA=5 days, 2:24:35
2026-04-05 19:12:46  [887/2860] n=90 β=30 seed=25 DONE  adv=1.0017  win_rate=100%  ETA=5 days, 2:12:58
2026-04-05 19:13:18  [888/2860] n=90 β=30 seed=28 DONE  adv=0.6510  win_rate=100%  ETA=5 days, 2:02:11
2026-04-05 19:13:43  [889/2860] n=90 β=30 seed=30 DONE  adv=1.3652  win_rate=100%  ETA=5 days, 1:51:09
2026-04-05 19:13:51  [890/2860] n=90 β=30 seed=27 DONE  adv=0.9032  win_rate=100%  ETA=5 days, 1:39:32
2026-04-05 19:17:43  [891/2860] n=90 β=30 seed=34 DONE  adv=1.1903  win_rate=100%  ETA=5 days, 1:36:10
2026-04-05 19:18:26  [892/2860] n=90 β=30 seed=31 DONE  adv=1.0343  win_rate=100%  ETA=5 days, 1:25:52
2026-04-05 19:19:00  [893/2860] n=90 β=30 seed=35 DONE  adv=0.9439  win_rate=100%  ETA=5 days, 1:15:17
2026-04-05 19:19:50  [894/2860] n=90 β=30 seed=33 DONE  adv=1.2675  win_rate=100%  ETA=5 days, 1:05:16
2026-04-05 19:19:51  [895/2860] n=90 β=30 seed=36 DONE  adv=0.7765  win_rate=100%  ETA=5 days, 0:53:29
2026-04-05 19:20:23  [896/2860] n=90 β=30 seed=32 DONE  adv=1.1052  win_rate=100%  ETA=5 days, 0:42:54
2026-04-05 19:20:54  [897/2860] n=90 β=30 seed=39 DONE  adv=0.8887  win_rate=100%  ETA=5 days, 0:32:15
2026-04-05 19:21:59  [898/2860] n=90 β=30 seed=37 DONE  adv=1.1321  win_rate=100%  ETA=5 days, 0:22:54
2026-04-05 19:22:42  [899/2860] n=90 β=30 seed=38 DONE  adv=1.0211  win_rate=100%  ETA=5 days, 0:12:45
2026-04-05 19:25:55  [900/2860] n=90 β=30 seed=40 DONE  adv=1.0006  win_rate=100%  ETA=5 days, 0:08:04
2026-04-05 19:27:59  [901/2860] n=90 β=30 seed=41 DONE  adv=0.6443  win_rate=100%  ETA=5 days, 0:00:54
2026-04-05 19:29:37  [902/2860] n=90 β=30 seed=42 DONE  adv=1.0615  win_rate=100%  ETA=4 days, 23:52:47
2026-04-05 19:30:37  [903/2860] n=90 β=30 seed=43 DONE  adv=0.9880  win_rate=100%  ETA=4 days, 23:43:18
2026-04-05 19:37:21  [904/2860] n=90 β=30 seed=44 DONE  adv=1.0864  win_rate=100%  ETA=4 days, 23:46:16
2026-04-05 20:14:33  [905/2860] n=90 β=30 seed=45 DONE  adv=0.8580  win_rate=100%  ETA=5 days, 0:55:00
2026-04-05 20:16:04  [906/2860] n=90 β=30 seed=47 DONE  adv=0.7689  win_rate=100%  ETA=5 days, 0:46:34
2026-04-05 20:16:12  [907/2860] n=90 β=30 seed=46 DONE  adv=1.0476  win_rate=100%  ETA=5 days, 0:35:09
2026-04-05 20:17:12  [908/2860] n=90 β=30 seed=49 DONE  adv=0.8785  win_rate=100%  ETA=5 days, 0:25:38
2026-04-05 20:17:12  [909/2860] n=90 β=30 seed=48 DONE  adv=0.9933  win_rate=100%  ETA=5 days, 0:14:00
2026-04-05 20:17:18  [910/2860] n=90 β=30 seed=50 DONE  adv=1.0694  win_rate=100%  ETA=5 days, 0:02:35
2026-04-05 20:18:00  [911/2860] n=90 β=30 seed=52 DONE  adv=0.6323  win_rate=100%  ETA=4 days, 23:52:30
2026-04-05 20:18:08  [912/2860] n=90 β=30 seed=51 DONE  adv=1.0211  win_rate=100%  ETA=4 days, 23:41:12
2026-04-05 20:21:11  [913/2860] n=90 β=30 seed=53 DONE  adv=0.9492  win_rate=100%  ETA=4 days, 23:36:09
2026-04-05 20:22:47  [914/2860] n=90 β=30 seed=57 DONE  adv=1.2400  win_rate=100%  ETA=4 days, 23:28:03
2026-04-05 20:22:52  [915/2860] n=90 β=30 seed=54 DONE  adv=0.6614  win_rate=100%  ETA=4 days, 23:16:41
2026-04-05 20:23:33  [916/2860] n=90 β=30 seed=56 DONE  adv=0.5420  win_rate=100%  ETA=4 days, 23:06:39
2026-04-05 20:24:12  [917/2860] n=90 β=30 seed=59 DONE  adv=0.8148  win_rate=100%  ETA=4 days, 22:56:34
2026-04-05 20:24:24  [918/2860] n=90 β=30 seed=55 DONE  adv=0.6732  win_rate=100%  ETA=4 days, 22:45:33
2026-04-05 20:25:14  [919/2860] n=90 β=30 seed=58 DONE  adv=0.9136  win_rate=100%  ETA=4 days, 22:35:53
2026-04-05 20:26:39  [920/2860] n=90 β=30 seed=60 DONE  adv=1.0682  win_rate=100%  ETA=4 days, 22:27:28
2026-04-05 20:27:30  [921/2860] n=90 β=30 seed=61 DONE  adv=1.1201  win_rate=100%  ETA=4 days, 22:17:53
2026-04-05 20:29:04  [922/2860] n=90 β=30 seed=62 DONE  adv=0.9004  win_rate=100%  ETA=4 days, 22:09:49
2026-04-05 20:32:36  [923/2860] n=90 β=30 seed=63 DONE  adv=1.1430  win_rate=100%  ETA=4 days, 22:05:55
2026-04-05 20:33:57  [924/2860] n=90 β=30 seed=64 DONE  adv=0.8314  win_rate=100%  ETA=4 days, 21:57:25
2026-04-05 20:35:59  [925/2860] n=90 β=30 seed=65 DONE  adv=1.1166  win_rate=100%  ETA=4 days, 21:50:23
2026-04-05 20:41:46  [926/2860] n=90 β=30 seed=66 DONE  adv=0.8637  win_rate=100%  ETA=4 days, 21:51:09
2026-04-05 21:19:45  [927/2860] n=90 β=30 seed=67 DONE  adv=0.7613  win_rate=100%  ETA=4 days, 22:59:04
2026-04-05 21:20:10  [928/2860] n=90 β=30 seed=68 DONE  adv=0.6852  win_rate=100%  ETA=4 days, 22:48:34
2026-04-05 21:20:43  [929/2860] n=90 β=30 seed=69 DONE  adv=0.8258  win_rate=100%  ETA=4 days, 22:38:21
2026-04-05 21:21:56  [930/2860] n=90 β=30 seed=70 DONE  adv=0.5794  win_rate=100%  ETA=4 days, 22:29:33
2026-04-05 21:22:10  [931/2860] n=90 β=30 seed=72 DONE  adv=0.8560  win_rate=100%  ETA=4 days, 22:18:43
2026-04-05 21:23:02  [932/2860] n=90 β=30 seed=71 DONE  adv=0.4684  win_rate=100%  ETA=4 days, 22:09:13
2026-04-05 21:23:14  [933/2860] n=90 β=30 seed=74 DONE  adv=1.0144  win_rate=100%  ETA=4 days, 21:58:21
2026-04-05 21:23:49  [934/2860] n=90 β=30 seed=73 DONE  adv=0.7258  win_rate=100%  ETA=4 days, 21:48:19
2026-04-05 21:25:03  [935/2860] n=90 β=30 seed=75 DONE  adv=0.8433  win_rate=100%  ETA=4 days, 21:39:38
2026-04-05 21:26:02  [936/2860] n=90 β=30 seed=77 DONE  adv=0.9879  win_rate=100%  ETA=4 days, 21:30:25
2026-04-05 21:26:54  [937/2860] n=90 β=30 seed=78 DONE  adv=0.5104  win_rate=100%  ETA=4 days, 21:21:02
2026-04-05 21:27:10  [938/2860] n=90 β=30 seed=79 DONE  adv=1.0946  win_rate=100%  ETA=4 days, 21:10:25
2026-04-05 21:27:18  [939/2860] n=90 β=30 seed=76 DONE  adv=1.0248  win_rate=100%  ETA=4 days, 20:59:33
2026-04-05 21:29:27  [940/2860] n=90 β=30 seed=80 DONE  adv=0.9831  win_rate=100%  ETA=4 days, 20:52:48
2026-04-05 21:29:56  [941/2860] n=90 β=30 seed=81 DONE  adv=0.6839  win_rate=100%  ETA=4 days, 20:42:43
2026-04-05 21:31:17  [942/2860] n=90 β=30 seed=82 DONE  adv=0.9051  win_rate=100%  ETA=4 days, 20:34:22
2026-04-05 21:32:31  [943/2860] n=90 β=30 seed=83 DONE  adv=0.8452  win_rate=100%  ETA=4 days, 20:25:48
2026-04-05 21:33:41  [944/2860] n=90 β=30 seed=84 DONE  adv=1.0809  win_rate=100%  ETA=4 days, 20:17:08
2026-04-05 21:36:46  [945/2860] n=90 β=30 seed=85 DONE  adv=0.6639  win_rate=100%  ETA=4 days, 20:12:23
2026-04-05 21:39:14  [946/2860] n=90 β=30 seed=86 DONE  adv=0.6855  win_rate=100%  ETA=4 days, 20:06:22
2026-04-05 21:42:48  [947/2860] n=90 β=30 seed=87 DONE  adv=0.8973  win_rate=100%  ETA=4 days, 20:02:35
2026-04-05 21:47:05  [948/2860] n=90 β=30 seed=88 DONE  adv=0.9068  win_rate=100%  ETA=4 days, 20:00:14
2026-04-05 22:24:53  [949/2860] n=90 β=30 seed=89 DONE  adv=1.2188  win_rate=100%  ETA=4 days, 21:05:23
2026-04-05 22:25:17  [950/2860] n=90 β=30 seed=90 DONE  adv=0.7245  win_rate=100%  ETA=4 days, 20:55:07
2026-04-05 22:26:20  [951/2860] n=90 β=30 seed=91 DONE  adv=1.2978  win_rate=100%  ETA=4 days, 20:46:10
2026-04-05 22:27:13  [952/2860] n=90 β=30 seed=93 DONE  adv=0.9295  win_rate=100%  ETA=4 days, 20:36:55
2026-04-05 22:27:54  [953/2860] n=90 β=30 seed=95 DONE  adv=0.9522  win_rate=100%  ETA=4 days, 20:27:16
2026-04-05 22:28:04  [954/2860] n=90 β=30 seed=92 DONE  adv=1.1387  win_rate=100%  ETA=4 days, 20:16:38
2026-04-05 22:28:38  [955/2860] n=90 β=30 seed=94 DONE  adv=0.6292  win_rate=100%  ETA=4 days, 20:06:47
2026-04-05 22:30:35  [956/2860] n=90 β=30 seed=96 DONE  adv=1.1626  win_rate=100%  ETA=4 days, 19:59:44
2026-04-05 22:30:43  [957/2860] n=90 β=30 seed=97 DONE  adv=0.8132  win_rate=100%  ETA=4 days, 19:49:04
2026-04-05 22:30:56  [958/2860] n=90 β=30 seed=98 DONE  adv=0.8701  win_rate=100%  ETA=4 days, 19:38:36
2026-04-05 22:31:00  [959/2860] n=90 β=30 seed=100 DONE  adv=1.1029  win_rate=100%  ETA=4 days, 19:27:52
2026-04-05 22:31:12  [960/2860] n=90 β=30 seed=99 DONE  adv=1.0315  win_rate=100%  ETA=4 days, 19:17:24
2026-04-06 01:39:38  [961/2860] n=90 β=40 seed=1 DONE  adv=0.6926  win_rate=100%  ETA=5 days, 1:18:54
2026-04-06 01:42:15  [962/2860] n=90 β=40 seed=4 DONE  adv=0.3279  win_rate=100%  ETA=5 days, 1:12:41
2026-04-06 01:42:53  [963/2860] n=90 β=40 seed=7 DONE  adv=0.3645  win_rate=100%  ETA=5 days, 1:02:33
2026-04-06 01:43:51  [964/2860] n=90 β=40 seed=2 DONE  adv=0.3644  win_rate=100%  ETA=5 days, 0:53:06
2026-04-06 01:44:27  [965/2860] n=90 β=40 seed=3 DONE  adv=0.5120  win_rate=100%  ETA=5 days, 0:42:56
2026-04-06 01:47:07  [966/2860] n=90 β=40 seed=5 DONE  adv=0.3182  win_rate=100%  ETA=5 days, 0:36:51
2026-04-06 01:49:23  [967/2860] n=90 β=40 seed=8 DONE  adv=0.4284  win_rate=100%  ETA=5 days, 0:29:59
2026-04-06 01:51:48  [968/2860] n=90 β=40 seed=6 DONE  adv=0.5996  win_rate=100%  ETA=5 days, 0:23:25
2026-04-06 01:55:05  [969/2860] n=90 β=40 seed=9 DONE  adv=0.5059  win_rate=100%  ETA=5 days, 0:18:34
2026-04-06 01:59:17  [970/2860] n=90 β=40 seed=10 DONE  adv=0.5661  win_rate=100%  ETA=5 days, 0:15:30
2026-04-06 02:33:24  [971/2860] n=90 β=40 seed=12 DONE  adv=0.4784  win_rate=100%  ETA=5 days, 1:10:37
2026-04-06 02:34:49  [972/2860] n=90 β=40 seed=11 DONE  adv=0.5000  win_rate=100%  ETA=5 days, 1:02:03
2026-04-06 02:35:45  [973/2860] n=90 β=40 seed=17 DONE  adv=0.7018  win_rate=100%  ETA=5 days, 0:52:33
2026-04-06 02:36:01  [974/2860] n=90 β=40 seed=15 DONE  adv=0.7172  win_rate=100%  ETA=5 days, 0:41:48
2026-04-06 02:37:04  [975/2860] n=90 β=40 seed=13 DONE  adv=0.7226  win_rate=100%  ETA=5 days, 0:32:32
2026-04-06 02:38:37  [976/2860] n=90 β=40 seed=14 DONE  adv=0.4665  win_rate=100%  ETA=5 days, 0:24:18
2026-04-06 02:39:14  [977/2860] n=90 β=40 seed=16 DONE  adv=0.4759  win_rate=100%  ETA=5 days, 0:14:15
2026-04-06 02:41:20  [978/2860] n=90 β=40 seed=21 DONE  adv=0.5757  win_rate=100%  ETA=5 days, 0:07:06
2026-04-06 02:41:22  [979/2860] n=90 β=40 seed=19 DONE  adv=0.2178  win_rate=100%  ETA=4 days, 23:55:59
2026-04-06 02:43:02  [980/2860] n=90 β=40 seed=20 DONE  adv=0.6107  win_rate=100%  ETA=4 days, 23:48:01
2026-04-06 02:44:02  [981/2860] n=90 β=40 seed=22 DONE  adv=0.3464  win_rate=100%  ETA=4 days, 23:38:47
2026-04-06 02:52:32  [982/2860] n=90 β=40 seed=18 DONE  adv=0.3397  win_rate=100%  ETA=4 days, 23:43:53
2026-04-06 05:49:27  [983/2860] n=90 β=40 seed=25 DONE  adv=0.7448  win_rate=100%  ETA=5 days, 5:10:36
2026-04-06 05:51:26  [984/2860] n=90 β=40 seed=23 DONE  adv=0.4298  win_rate=100%  ETA=5 days, 5:02:45
2026-04-06 05:52:50  [985/2860] n=90 β=40 seed=24 DONE  adv=0.6114  win_rate=100%  ETA=5 days, 4:53:47
2026-04-06 05:52:59  [986/2860] n=90 β=40 seed=26 DONE  adv=0.3939  win_rate=100%  ETA=5 days, 4:42:29
2026-04-06 05:56:48  [987/2860] n=90 β=40 seed=28 DONE  adv=0.4924  win_rate=100%  ETA=5 days, 4:38:09
2026-04-06 05:57:30  [988/2860] n=90 β=40 seed=27 DONE  adv=0.7279  win_rate=100%  ETA=5 days, 4:27:56
2026-04-06 05:58:40  [989/2860] n=90 β=40 seed=29 DONE  adv=0.2280  win_rate=100%  ETA=5 days, 4:18:35
2026-04-06 05:59:40  [990/2860] n=90 β=40 seed=30 DONE  adv=0.6479  win_rate=100%  ETA=5 days, 4:08:57
2026-04-06 06:06:15  [991/2860] n=90 β=40 seed=31 DONE  adv=0.3536  win_rate=100%  ETA=5 days, 4:09:53
2026-04-06 06:13:04  [992/2860] n=90 β=40 seed=32 DONE  adv=0.3499  win_rate=100%  ETA=5 days, 4:11:15
2026-04-06 06:40:29  [993/2860] n=90 β=40 seed=34 DONE  adv=0.3840  win_rate=100%  ETA=5 days, 4:51:18
2026-04-06 06:45:05  [994/2860] n=90 β=40 seed=33 DONE  adv=0.1022  win_rate=100%  ETA=5 days, 4:48:23
2026-04-06 06:45:12  [995/2860] n=90 β=40 seed=36 DONE  adv=0.2712  win_rate=100%  ETA=5 days, 4:37:04
2026-04-06 06:45:32  [996/2860] n=90 β=40 seed=35 DONE  adv=0.8594  win_rate=100%  ETA=5 days, 4:26:12
2026-04-06 06:49:31  [997/2860] n=90 β=40 seed=38 DONE  adv=0.6655  win_rate=100%  ETA=5 days, 4:22:09
2026-04-06 06:51:45  [998/2860] n=90 β=40 seed=39 DONE  adv=0.3714  win_rate=100%  ETA=5 days, 4:14:50
2026-04-06 06:52:00  [999/2860] n=90 β=40 seed=40 DONE  adv=0.6367  win_rate=100%  ETA=5 days, 4:03:49
2026-04-06 06:52:03  [1000/2860] n=90 β=40 seed=41 DONE  adv=0.4734  win_rate=100%  ETA=5 days, 3:52:28
2026-04-06 06:52:04  [1001/2860] n=90 β=40 seed=37 DONE  adv=0.5442  win_rate=100%  ETA=5 days, 3:41:06
2026-04-06 06:56:56  [1002/2860] n=90 β=40 seed=42 DONE  adv=0.4079  win_rate=100%  ETA=5 days, 3:38:44
2026-04-06 06:57:18  [1003/2860] n=90 β=40 seed=43 DONE  adv=0.3294  win_rate=100%  ETA=5 days, 3:28:02
2026-04-06 07:09:09  [1004/2860] n=90 β=40 seed=44 DONE  adv=0.4234  win_rate=100%  ETA=5 days, 3:38:34
2026-04-06 10:00:33  [1005/2860] n=90 β=40 seed=45 DONE  adv=0.4483  win_rate=100%  ETA=5 days, 8:43:34
2026-04-06 10:01:38  [1006/2860] n=90 β=40 seed=47 DONE  adv=0.5259  win_rate=100%  ETA=5 days, 8:33:42
2026-04-06 10:03:29  [1007/2860] n=90 β=40 seed=46 DONE  adv=0.1665  win_rate=100%  ETA=5 days, 8:25:18
2026-04-06 10:09:52  [1008/2860] n=90 β=40 seed=49 DONE  adv=0.3171  win_rate=100%  ETA=5 days, 8:25:14
2026-04-06 10:10:00  [1009/2860] n=90 β=40 seed=48 DONE  adv=0.2168  win_rate=100%  ETA=5 days, 8:13:40
2026-04-06 10:12:53  [1010/2860] n=90 β=40 seed=51 DONE  adv=0.5250  win_rate=100%  ETA=5 days, 8:07:12
2026-04-06 10:14:54  [1011/2860] n=90 β=40 seed=52 DONE  adv=0.5704  win_rate=100%  ETA=5 days, 7:59:06
2026-04-06 10:20:43  [1012/2860] n=90 β=40 seed=50 DONE  adv=0.2764  win_rate=100%  ETA=5 days, 7:58:01
2026-04-06 10:23:41  [1013/2860] n=90 β=40 seed=53 DONE  adv=0.3947  win_rate=100%  ETA=5 days, 7:51:41
2026-04-06 10:27:12  [1014/2860] n=90 β=40 seed=54 DONE  adv=0.5396  win_rate=100%  ETA=5 days, 7:46:23
2026-04-06 10:52:48  [1015/2860] n=90 β=40 seed=55 DONE  adv=0.6777  win_rate=100%  ETA=5 days, 8:21:12
2026-04-06 11:00:24  [1016/2860] n=90 β=40 seed=56 DONE  adv=0.5761  win_rate=100%  ETA=5 days, 8:23:15
2026-04-06 11:01:12  [1017/2860] n=90 β=40 seed=58 DONE  adv=0.4742  win_rate=100%  ETA=5 days, 8:12:57
2026-04-06 11:02:45  [1018/2860] n=90 β=40 seed=57 DONE  adv=0.6246  win_rate=100%  ETA=5 days, 8:04:02
2026-04-06 11:05:18  [1019/2860] n=90 β=40 seed=61 DONE  adv=0.6357  win_rate=100%  ETA=5 days, 7:56:55
2026-04-06 11:06:00  [1020/2860] n=90 β=40 seed=60 DONE  adv=0.4843  win_rate=100%  ETA=5 days, 7:46:29
2026-04-06 11:06:09  [1021/2860] n=90 β=40 seed=62 DONE  adv=0.7495  win_rate=100%  ETA=5 days, 7:35:06
2026-04-06 11:09:44  [1022/2860] n=90 β=40 seed=59 DONE  adv=0.5019  win_rate=100%  ETA=5 days, 7:29:54
2026-04-06 11:13:52  [1023/2860] n=90 β=40 seed=65 DONE  adv=0.2850  win_rate=100%  ETA=5 days, 7:25:41
2026-04-06 11:13:56  [1024/2860] n=90 β=40 seed=63 DONE  adv=0.4889  win_rate=100%  ETA=5 days, 7:14:10
2026-04-06 11:15:45  [1025/2860] n=90 β=40 seed=64 DONE  adv=0.4845  win_rate=100%  ETA=5 days, 7:05:50
2026-04-06 11:33:04  [1026/2860] n=90 β=40 seed=66 DONE  adv=0.3771  win_rate=100%  ETA=5 days, 7:25:12
2026-04-06 14:20:35  [1027/2860] n=90 β=40 seed=67 DONE  adv=0.4780  win_rate=100%  ETA=5 days, 12:12:35
2026-04-06 14:22:05  [1028/2860] n=90 β=40 seed=68 DONE  adv=0.6751  win_rate=100%  ETA=5 days, 12:03:13
2026-04-06 14:27:03  [1029/2860] n=90 β=40 seed=69 DONE  adv=0.5902  win_rate=100%  ETA=5 days, 12:00:01
2026-04-06 14:31:00  [1030/2860] n=90 β=40 seed=71 DONE  adv=0.2359  win_rate=100%  ETA=5 days, 11:55:02
2026-04-06 14:32:06  [1031/2860] n=90 β=40 seed=72 DONE  adv=0.4227  win_rate=100%  ETA=5 days, 11:44:59
2026-04-06 14:33:03  [1032/2860] n=90 β=40 seed=70 DONE  adv=0.2058  win_rate=100%  ETA=5 days, 11:34:42
2026-04-06 14:37:07  [1033/2860] n=90 β=40 seed=73 DONE  adv=0.3155  win_rate=100%  ETA=5 days, 11:29:55
2026-04-06 14:44:23  [1034/2860] n=90 β=40 seed=75 DONE  adv=0.4494  win_rate=100%  ETA=5 days, 11:30:49
2026-04-06 14:44:25  [1035/2860] n=90 β=40 seed=74 DONE  adv=0.4870  win_rate=100%  ETA=5 days, 11:18:55
2026-04-06 14:50:37  [1036/2860] n=90 β=40 seed=76 DONE  adv=0.0452  win_rate=100%  ETA=5 days, 11:17:55
2026-04-06 15:17:56  [1037/2860] n=90 β=40 seed=77 DONE  adv=0.5777  win_rate=100%  ETA=5 days, 11:54:01
2026-04-06 15:22:44  [1038/2860] n=90 β=40 seed=78 DONE  adv=0.6703  win_rate=100%  ETA=5 days, 11:50:30
2026-04-06 15:22:46  [1039/2860] n=90 β=40 seed=79 DONE  adv=0.6491  win_rate=100%  ETA=5 days, 11:38:37
2026-04-06 15:24:25  [1040/2860] n=90 β=40 seed=83 DONE  adv=0.7291  win_rate=100%  ETA=5 days, 11:29:34
2026-04-06 15:25:33  [1041/2860] n=90 β=40 seed=80 DONE  adv=0.3190  win_rate=100%  ETA=5 days, 11:19:39
2026-04-06 15:27:11  [1042/2860] n=90 β=40 seed=81 DONE  adv=0.4072  win_rate=100%  ETA=5 days, 11:10:35
2026-04-06 15:29:18  [1043/2860] n=90 β=40 seed=84 DONE  adv=0.4985  win_rate=100%  ETA=5 days, 11:02:24
2026-04-06 15:30:46  [1044/2860] n=90 β=40 seed=82 DONE  adv=0.7476  win_rate=100%  ETA=5 days, 10:53:07
2026-04-06 15:34:40  [1045/2860] n=90 β=40 seed=85 DONE  adv=0.5480  win_rate=100%  ETA=5 days, 10:48:04
2026-04-06 15:34:56  [1046/2860] n=90 β=40 seed=86 DONE  adv=0.4416  win_rate=100%  ETA=5 days, 10:36:42
2026-04-06 15:38:29  [1047/2860] n=90 β=40 seed=87 DONE  adv=0.4231  win_rate=100%  ETA=5 days, 10:31:02
2026-04-06 15:45:17  [1048/2860] n=100 β=20 seed=1 DONE  adv=0.3673  win_rate=100%  ETA=5 days, 10:31:00
2026-04-06 15:46:35  [1049/2860] n=100 β=20 seed=2 DONE  adv=0.4231  win_rate=100%  ETA=5 days, 10:21:29
2026-04-06 15:47:08  [1050/2860] n=100 β=20 seed=3 DONE  adv=0.0512  win_rate=100%  ETA=5 days, 10:10:40
2026-04-06 15:49:08  [1051/2860] n=100 β=20 seed=4 DONE  adv=0.3429  win_rate=100%  ETA=5 days, 10:02:20
2026-04-06 15:51:46  [1052/2860] n=100 β=20 seed=5 DONE  adv=0.3496  win_rate=100%  ETA=5 days, 9:55:08
2026-04-06 15:52:15  [1053/2860] n=90 β=40 seed=88 DONE  adv=0.4510  win_rate=100%  ETA=5 days, 9:44:16
2026-04-06 15:52:57  [1054/2860] n=100 β=20 seed=6 DONE  adv=0.5045  win_rate=100%  ETA=5 days, 9:33:47
2026-04-06 15:56:54  [1055/2860] n=100 β=20 seed=7 DONE  adv=0.1551  win_rate=100%  ETA=5 days, 9:28:52
2026-04-06 15:56:58  [1056/2860] n=100 β=20 seed=8 DONE  adv=0.3319  win_rate=100%  ETA=5 days, 9:17:20
2026-04-06 16:00:59  [1057/2860] n=100 β=20 seed=9 DONE  adv=0.5465  win_rate=100%  ETA=5 days, 9:12:33
2026-04-06 16:07:23  [1058/2860] n=100 β=20 seed=10 DONE  adv=0.0488  win_rate=100%  ETA=5 days, 9:11:49
2026-04-06 16:08:45  [1059/2860] n=100 β=20 seed=11 DONE  adv=0.0070  win_rate=100%  ETA=5 days, 9:02:32
2026-04-06 16:09:03  [1060/2860] n=100 β=20 seed=12 DONE  adv=0.3244  win_rate=100%  ETA=5 days, 8:51:27
2026-04-06 16:11:29  [1061/2860] n=100 β=20 seed=13 DONE  adv=0.5539  win_rate=100%  ETA=5 days, 8:43:59
2026-04-06 16:13:50  [1062/2860] n=100 β=20 seed=14 DONE  adv=0.6428  win_rate=100%  ETA=5 days, 8:36:24
2026-04-06 16:14:34  [1063/2860] n=100 β=20 seed=15 DONE  adv=0.5327  win_rate=100%  ETA=5 days, 8:26:05
2026-04-06 16:15:01  [1064/2860] n=100 β=20 seed=16 DONE  adv=0.1980  win_rate=100%  ETA=5 days, 8:15:20
2026-04-06 16:18:58  [1065/2860] n=100 β=20 seed=18 DONE  adv=0.3936  win_rate=100%  ETA=5 days, 8:10:29
2026-04-06 16:19:12  [1066/2860] n=100 β=20 seed=17 DONE  adv=0.4617  win_rate=100%  ETA=5 days, 7:59:22
2026-04-06 16:23:06  [1067/2860] n=100 β=20 seed=19 DONE  adv=0.0754  win_rate=100%  ETA=5 days, 7:54:27
2026-04-06 16:30:05  [1068/2860] n=100 β=20 seed=20 DONE  adv=0.1040  win_rate=100%  ETA=5 days, 7:54:43
2026-04-06 16:31:23  [1069/2860] n=100 β=20 seed=22 DONE  adv=0.4420  win_rate=100%  ETA=5 days, 7:45:25
2026-04-06 16:31:38  [1070/2860] n=100 β=20 seed=21 DONE  adv=0.3704  win_rate=100%  ETA=5 days, 7:34:24
2026-04-06 16:34:30  [1071/2860] n=100 β=20 seed=23 DONE  adv=0.3790  win_rate=100%  ETA=5 days, 7:27:46
2026-04-06 16:36:22  [1072/2860] n=100 β=20 seed=24 DONE  adv=0.6393  win_rate=100%  ETA=5 days, 7:19:28
2026-04-06 16:36:54  [1073/2860] n=100 β=20 seed=25 DONE  adv=0.2718  win_rate=100%  ETA=5 days, 7:09:00
2026-04-06 16:37:54  [1074/2860] n=100 β=20 seed=26 DONE  adv=0.3482  win_rate=100%  ETA=5 days, 6:59:17
2026-04-06 16:41:52  [1075/2860] n=100 β=20 seed=27 DONE  adv=0.4031  win_rate=100%  ETA=5 days, 6:54:31
2026-04-06 16:42:12  [1076/2860] n=100 β=20 seed=28 DONE  adv=-0.0143  win_rate=100%  ETA=5 days, 6:43:44
2026-04-06 16:46:03  [1077/2860] n=100 β=20 seed=29 DONE  adv=0.1576  win_rate=100%  ETA=5 days, 6:38:48
2026-04-06 16:53:14  [1078/2860] n=100 β=20 seed=30 DONE  adv=0.1033  win_rate=100%  ETA=5 days, 6:39:21
2026-04-06 16:54:21  [1079/2860] n=100 β=20 seed=31 DONE  adv=0.4793  win_rate=100%  ETA=5 days, 6:29:54
2026-04-06 16:54:48  [1080/2860] n=100 β=20 seed=32 DONE  adv=0.4794  win_rate=100%  ETA=5 days, 6:19:21
2026-04-06 16:57:46  [1081/2860] n=100 β=20 seed=33 DONE  adv=0.1508  win_rate=100%  ETA=5 days, 6:12:58
2026-04-06 16:59:36  [1082/2860] n=100 β=20 seed=34 DONE  adv=0.5838  win_rate=100%  ETA=5 days, 6:04:43
2026-04-06 16:59:37  [1083/2860] n=100 β=20 seed=35 DONE  adv=0.6207  win_rate=100%  ETA=5 days, 5:53:31
2026-04-06 17:01:13  [1084/2860] n=100 β=20 seed=36 DONE  adv=0.2946  win_rate=100%  ETA=5 days, 5:44:56
2026-04-06 17:04:53  [1085/2860] n=100 β=20 seed=37 DONE  adv=0.4998  win_rate=100%  ETA=5 days, 5:39:44
2026-04-06 17:05:19  [1086/2860] n=100 β=20 seed=38 DONE  adv=0.4225  win_rate=100%  ETA=5 days, 5:29:15
2026-04-06 17:09:06  [1087/2860] n=100 β=20 seed=39 DONE  adv=0.1039  win_rate=100%  ETA=5 days, 5:24:16
2026-04-06 17:15:48  [1088/2860] n=100 β=20 seed=40 DONE  adv=0.0713  win_rate=100%  ETA=5 days, 5:24:01
2026-04-06 17:17:18  [1089/2860] n=100 β=20 seed=41 DONE  adv=0.3634  win_rate=100%  ETA=5 days, 5:15:17
2026-04-06 17:17:28  [1090/2860] n=100 β=20 seed=42 DONE  adv=0.5252  win_rate=100%  ETA=5 days, 5:04:25
2026-04-06 17:20:13  [1091/2860] n=100 β=20 seed=43 DONE  adv=0.1324  win_rate=100%  ETA=5 days, 4:57:47
2026-04-06 17:22:10  [1092/2860] n=100 β=20 seed=44 DONE  adv=0.3260  win_rate=100%  ETA=5 days, 4:49:50
2026-04-06 17:22:10  [1093/2860] n=100 β=20 seed=45 DONE  adv=0.0727  win_rate=100%  ETA=5 days, 4:38:45
2026-04-06 17:23:35  [1094/2860] n=100 β=20 seed=46 DONE  adv=0.5191  win_rate=100%  ETA=5 days, 4:29:58
2026-04-06 17:27:02  [1095/2860] n=100 β=20 seed=48 DONE  adv=0.4810  win_rate=100%  ETA=5 days, 4:24:29
2026-04-06 17:27:03  [1096/2860] n=100 β=20 seed=47 DONE  adv=0.3589  win_rate=100%  ETA=5 days, 4:13:28
2026-04-06 17:31:22  [1097/2860] n=100 β=20 seed=49 DONE  adv=0.4759  win_rate=100%  ETA=5 days, 4:09:24
2026-04-06 17:38:02  [1098/2860] n=100 β=20 seed=50 DONE  adv=0.5460  win_rate=100%  ETA=5 days, 4:09:05
2026-04-06 17:39:27  [1099/2860] n=100 β=20 seed=51 DONE  adv=0.3936  win_rate=100%  ETA=5 days, 4:00:22
2026-04-06 17:39:57  [1100/2860] n=100 β=20 seed=52 DONE  adv=0.3078  win_rate=100%  ETA=5 days, 3:50:10
2026-04-06 17:42:34  [1101/2860] n=100 β=20 seed=53 DONE  adv=0.1935  win_rate=100%  ETA=5 days, 3:43:23
2026-04-06 17:44:04  [1102/2860] n=100 β=20 seed=55 DONE  adv=0.4585  win_rate=100%  ETA=5 days, 3:34:49
2026-04-06 17:44:18  [1103/2860] n=100 β=20 seed=54 DONE  adv=0.3869  win_rate=100%  ETA=5 days, 3:24:15
2026-04-06 17:45:48  [1104/2860] n=100 β=20 seed=56 DONE  adv=0.3800  win_rate=100%  ETA=5 days, 3:15:43
2026-04-06 17:49:06  [1105/2860] n=100 β=20 seed=57 DONE  adv=0.7528  win_rate=100%  ETA=5 days, 3:10:05
2026-04-06 17:49:20  [1106/2860] n=100 β=20 seed=58 DONE  adv=0.2088  win_rate=100%  ETA=5 days, 2:59:33
2026-04-06 17:53:40  [1107/2860] n=100 β=20 seed=59 DONE  adv=0.3285  win_rate=100%  ETA=5 days, 2:55:33
2026-04-06 18:01:05  [1108/2860] n=100 β=20 seed=60 DONE  adv=0.4592  win_rate=100%  ETA=5 days, 2:56:25
2026-04-06 18:01:37  [1109/2860] n=100 β=20 seed=61 DONE  adv=0.1184  win_rate=100%  ETA=5 days, 2:46:24
2026-04-06 18:02:17  [1110/2860] n=100 β=20 seed=62 DONE  adv=0.4628  win_rate=100%  ETA=5 days, 2:36:36
2026-04-06 18:05:22  [1111/2860] n=100 β=20 seed=63 DONE  adv=0.3867  win_rate=100%  ETA=5 days, 2:30:38
2026-04-06 18:06:11  [1112/2860] n=100 β=20 seed=64 DONE  adv=0.2532  win_rate=100%  ETA=5 days, 2:21:06
2026-04-06 18:06:51  [1113/2860] n=100 β=20 seed=65 DONE  adv=0.1568  win_rate=100%  ETA=5 days, 2:11:22
2026-04-06 18:08:15  [1114/2860] n=100 β=20 seed=66 DONE  adv=0.1009  win_rate=100%  ETA=5 days, 2:02:48
2026-04-06 18:11:29  [1115/2860] n=100 β=20 seed=67 DONE  adv=0.6514  win_rate=100%  ETA=5 days, 1:57:06
2026-04-06 18:12:01  [1116/2860] n=100 β=20 seed=68 DONE  adv=0.4954  win_rate=100%  ETA=5 days, 1:47:11
2026-04-06 18:16:38  [1117/2860] n=100 β=20 seed=69 DONE  adv=0.2176  win_rate=100%  ETA=5 days, 1:43:39
2026-04-06 18:23:52  [1118/2860] n=100 β=20 seed=70 DONE  adv=0.3903  win_rate=100%  ETA=5 days, 1:44:12
2026-04-06 18:24:29  [1119/2860] n=100 β=20 seed=71 DONE  adv=0.4975  win_rate=100%  ETA=5 days, 1:34:26
2026-04-06 18:25:45  [1120/2860] n=100 β=20 seed=72 DONE  adv=0.2889  win_rate=100%  ETA=5 days, 1:25:42
2026-04-06 18:28:03  [1121/2860] n=100 β=20 seed=73 DONE  adv=0.4647  win_rate=100%  ETA=5 days, 1:18:36
2026-04-06 18:28:52  [1122/2860] n=100 β=20 seed=74 DONE  adv=0.4485  win_rate=100%  ETA=5 days, 1:09:11
2026-04-06 18:29:16  [1123/2860] n=100 β=20 seed=75 DONE  adv=0.4009  win_rate=100%  ETA=5 days, 0:59:10
2026-04-06 18:31:22  [1124/2860] n=100 β=20 seed=76 DONE  adv=0.3359  win_rate=100%  ETA=5 days, 0:51:47
2026-04-06 18:34:41  [1125/2860] n=100 β=20 seed=77 DONE  adv=0.4495  win_rate=100%  ETA=5 days, 0:46:15
2026-04-06 18:34:55  [1126/2860] n=100 β=20 seed=78 DONE  adv=0.1504  win_rate=100%  ETA=5 days, 0:36:00
2026-04-06 18:39:03  [1127/2860] n=100 β=20 seed=79 DONE  adv=0.5829  win_rate=100%  ETA=5 days, 0:31:47
2026-04-06 18:40:39  [1128/2860] n=90 β=40 seed=89 DONE  adv=0.6748  win_rate=100%  ETA=5 days, 0:23:40
2026-04-06 18:46:02  [1129/2860] n=90 β=40 seed=91 DONE  adv=0.4796  win_rate=100%  ETA=5 days, 0:21:21
2026-04-06 18:46:08  [1130/2860] n=100 β=20 seed=80 DONE  adv=0.3802  win_rate=100%  ETA=5 days, 0:10:57
2026-04-06 18:46:35  [1131/2860] n=100 β=20 seed=81 DONE  adv=0.4294  win_rate=100%  ETA=5 days, 0:01:05
2026-04-06 18:47:22  [1132/2860] n=90 β=40 seed=90 DONE  adv=0.3964  win_rate=100%  ETA=4 days, 23:51:45
2026-04-06 18:48:25  [1133/2860] n=100 β=20 seed=82 DONE  adv=0.5676  win_rate=100%  ETA=4 days, 23:42:51
2026-04-06 18:50:31  [1134/2860] n=100 β=20 seed=83 DONE  adv=0.2874  win_rate=100%  ETA=4 days, 23:35:34
2026-04-06 18:50:39  [1135/2860] n=100 β=20 seed=84 DONE  adv=0.4084  win_rate=100%  ETA=4 days, 23:25:17
2026-04-06 18:51:13  [1136/2860] n=90 β=40 seed=92 DONE  adv=0.4282  win_rate=100%  ETA=4 days, 23:15:42
2026-04-06 18:51:16  [1137/2860] n=100 β=20 seed=85 DONE  adv=0.6004  win_rate=100%  ETA=4 days, 23:05:20
2026-04-06 18:53:10  [1138/2860] n=100 β=20 seed=86 DONE  adv=0.2583  win_rate=100%  ETA=4 days, 22:57:48
2026-04-06 18:53:24  [1139/2860] n=90 β=40 seed=93 DONE  adv=0.5200  win_rate=100%  ETA=4 days, 22:47:44
2026-04-06 18:56:28  [1140/2860] n=100 β=20 seed=87 DONE  adv=0.4593  win_rate=100%  ETA=4 days, 22:41:57
2026-04-06 18:56:47  [1141/2860] n=100 β=20 seed=88 DONE  adv=0.4857  win_rate=100%  ETA=4 days, 22:32:04
2026-04-06 18:57:10  [1142/2860] n=90 β=40 seed=95 DONE  adv=0.7975  win_rate=100%  ETA=4 days, 22:22:17
2026-04-06 19:00:58  [1143/2860] n=100 β=20 seed=89 DONE  adv=0.1733  win_rate=100%  ETA=4 days, 22:17:39
2026-04-06 19:01:29  [1144/2860] n=90 β=40 seed=94 DONE  adv=0.4939  win_rate=100%  ETA=4 days, 22:08:05
2026-04-06 19:02:45  [1145/2860] n=100 β=20 seed=90 DONE  adv=0.1677  win_rate=100%  ETA=4 days, 21:59:40
2026-04-06 19:06:12  [1146/2860] n=90 β=40 seed=96 DONE  adv=0.6234  win_rate=100%  ETA=4 days, 21:54:31
2026-04-06 19:06:27  [1147/2860] n=90 β=40 seed=97 DONE  adv=0.4781  win_rate=100%  ETA=4 days, 21:44:36
2026-04-06 19:08:20  [1148/2860] n=100 β=20 seed=91 DONE  adv=0.5285  win_rate=100%  ETA=4 days, 21:37:08
2026-04-06 19:08:28  [1149/2860] n=100 β=20 seed=93 DONE  adv=0.5365  win_rate=100%  ETA=4 days, 21:27:04
2026-04-06 19:08:45  [1150/2860] n=100 β=20 seed=92 DONE  adv=0.1188  win_rate=100%  ETA=4 days, 21:17:16
2026-04-06 19:09:55  [1151/2860] n=100 β=20 seed=94 DONE  adv=0.5780  win_rate=100%  ETA=4 days, 21:08:45
2026-04-06 19:10:17  [1152/2860] n=90 β=40 seed=98 DONE  adv=0.4184  win_rate=100%  ETA=4 days, 20:59:05
2026-04-06 19:11:05  [1153/2860] n=100 β=20 seed=95 DONE  adv=0.5611  win_rate=100%  ETA=4 days, 20:50:05
2026-04-06 19:12:53  [1154/2860] n=100 β=20 seed=96 DONE  adv=0.5496  win_rate=100%  ETA=4 days, 20:42:34
2026-04-06 19:13:25  [1155/2860] n=100 β=20 seed=97 DONE  adv=0.3605  win_rate=100%  ETA=4 days, 20:33:11
2026-04-06 19:13:26  [1156/2860] n=100 β=20 seed=98 DONE  adv=0.4941  win_rate=100%  ETA=4 days, 20:23:04
2026-04-06 19:13:48  [1157/2860] n=100 β=20 seed=99 DONE  adv=0.2591  win_rate=100%  ETA=4 days, 20:13:28
2026-04-06 19:15:56  [1158/2860] n=100 β=20 seed=100 DONE  adv=0.2948  win_rate=100%  ETA=4 days, 20:06:30
2026-04-06 19:41:57  [1159/2860] n=90 β=40 seed=99 DONE  adv=0.4098  win_rate=100%  ETA=4 days, 20:34:35
2026-04-06 19:43:19  [1160/2860] n=90 β=40 seed=100 DONE  adv=0.5486  win_rate=100%  ETA=4 days, 20:26:26
2026-04-06 22:00:38  Experiment: 3300 total runs
2026-04-06 22:00:38    Already completed: 1600 (including 0 migrated)
2026-04-06 22:00:38    Remaining: 1700
2026-04-06 22:00:38    Workers: 22, Timeouts: {20: 7200, 30: 14400, 40: 28800}
2026-04-06 23:21:27  [1/1700] n=100 β=30 seed=4 DONE  adv=1.8750  win_rate=100%  ETA=95 days, 8:21:10
2026-04-06 23:21:51  [2/1700] n=100 β=30 seed=11 DONE  adv=1.2064  win_rate=100%  ETA=47 days, 21:13:14
2026-04-06 23:22:52  [3/1700] n=100 β=30 seed=12 DONE  adv=1.2507  win_rate=100%  ETA=32 days, 7:09:57
2026-04-06 23:22:56  [4/1700] n=100 β=30 seed=19 DONE  adv=1.4796  win_rate=100%  ETA=24 days, 5:29:39
2026-04-06 23:23:02  [5/1700] n=100 β=30 seed=15 DONE  adv=1.4086  win_rate=100%  ETA=19 days, 9:32:32
2026-04-06 23:23:07  [6/1700] n=100 β=30 seed=2 DONE  adv=1.4079  win_rate=100%  ETA=16 days, 4:04:24
2026-04-06 23:23:32  [7/1700] n=100 β=30 seed=13 DONE  adv=1.2928  win_rate=100%  ETA=13 days, 22:07:42
2026-04-06 23:23:52  [8/1700] n=100 β=30 seed=6 DONE  adv=1.3640  win_rate=100%  ETA=12 days, 5:22:37
2026-04-06 23:23:54  [9/1700] n=100 β=30 seed=14 DONE  adv=1.4449  win_rate=100%  ETA=10 days, 20:42:28
2026-04-06 23:23:58  [10/1700] n=100 β=30 seed=21 DONE  adv=1.1810  win_rate=100%  ETA=9 days, 18:41:16
2026-04-06 23:24:01  [11/1700] n=100 β=30 seed=3 DONE  adv=1.3210  win_rate=100%  ETA=8 days, 21:21:17
2026-04-06 23:24:02  [12/1700] n=100 β=30 seed=20 DONE  adv=1.1650  win_rate=100%  ETA=8 days, 3:30:40
2026-04-06 23:24:22  [13/1700] n=100 β=30 seed=1 DONE  adv=1.3161  win_rate=100%  ETA=7 days, 13:04:47
2026-04-06 23:24:26  [14/1700] n=100 β=30 seed=10 DONE  adv=1.0038  win_rate=100%  ETA=7 days, 0:11:58
2026-04-06 23:24:29  [15/1700] n=100 β=30 seed=7 DONE  adv=1.5826  win_rate=100%  ETA=6 days, 12:59:23
2026-04-06 23:24:33  [16/1700] n=100 β=30 seed=22 DONE  adv=1.3922  win_rate=100%  ETA=6 days, 3:12:22
2026-04-06 23:24:36  [17/1700] n=100 β=30 seed=17 DONE  adv=1.1520  win_rate=100%  ETA=5 days, 18:32:29
2026-04-06 23:24:40  [18/1700] n=100 β=30 seed=8 DONE  adv=1.3894  win_rate=100%  ETA=5 days, 10:51:32
2026-04-06 23:24:51  [19/1700] n=100 β=30 seed=5 DONE  adv=1.4551  win_rate=100%  ETA=5 days, 4:10:18
2026-04-06 23:25:13  [20/1700] n=100 β=30 seed=9 DONE  adv=1.4361  win_rate=100%  ETA=4 days, 22:24:34
2026-04-06 23:25:16  [21/1700] n=100 β=30 seed=18 DONE  adv=1.2011  win_rate=100%  ETA=4 days, 16:46:50
2026-04-06 23:26:30  [22/1700] n=100 β=30 seed=16 DONE  adv=1.4522  win_rate=100%  ETA=4 days, 13:08:35
2026-04-07 00:43:37  [23/1700] n=100 β=30 seed=23 DONE  adv=1.2798  win_rate=100%  ETA=8 days, 6:03:46
2026-04-07 00:44:49  [24/1700] n=100 β=30 seed=25 DONE  adv=1.1495  win_rate=100%  ETA=7 days, 23:05:22
2026-04-07 00:45:10  [25/1700] n=100 β=30 seed=24 DONE  adv=1.4014  win_rate=100%  ETA=7 days, 15:43:38
2026-04-07 00:45:59  [26/1700] n=100 β=30 seed=31 DONE  adv=1.0334  win_rate=100%  ETA=7 days, 9:25:14
2026-04-07 00:46:06  [27/1700] n=100 β=30 seed=26 DONE  adv=1.4183  win_rate=100%  ETA=7 days, 2:52:57
2026-04-07 00:46:14  [28/1700] n=100 β=30 seed=34 DONE  adv=1.6585  win_rate=100%  ETA=6 days, 20:48:27
2026-04-07 00:46:25  [29/1700] n=100 β=30 seed=36 DONE  adv=1.5370  win_rate=100%  ETA=6 days, 15:12:19
2026-04-07 00:46:59  [30/1700] n=100 β=30 seed=40 DONE  adv=1.4028  win_rate=100%  ETA=6 days, 10:19:38
2026-04-07 00:47:04  [31/1700] n=100 β=30 seed=32 DONE  adv=1.1172  win_rate=100%  ETA=6 days, 5:20:08
2026-04-07 00:47:06  [32/1700] n=100 β=30 seed=35 DONE  adv=1.4338  win_rate=100%  ETA=6 days, 0:36:45
2026-04-07 00:47:11  [33/1700] n=100 β=30 seed=30 DONE  adv=1.1147  win_rate=100%  ETA=5 days, 20:12:59
2026-04-07 00:47:17  [34/1700] n=100 β=30 seed=28 DONE  adv=1.2132  win_rate=100%  ETA=5 days, 16:05:17
2026-04-07 00:47:26  [35/1700] n=100 β=30 seed=27 DONE  adv=1.1077  win_rate=100%  ETA=5 days, 12:14:35
2026-04-07 00:47:30  [36/1700] n=100 β=30 seed=29 DONE  adv=1.0336  win_rate=100%  ETA=5 days, 8:32:46
2026-04-07 00:47:35  [37/1700] n=100 β=30 seed=37 DONE  adv=1.6642  win_rate=100%  ETA=5 days, 5:03:23
2026-04-07 00:48:01  [38/1700] n=100 β=30 seed=33 DONE  adv=1.0618  win_rate=100%  ETA=5 days, 2:00:50
2026-04-07 00:48:09  [39/1700] n=100 β=30 seed=39 DONE  adv=1.4420  win_rate=100%  ETA=4 days, 22:54:14
2026-04-07 00:48:27  [40/1700] n=100 β=30 seed=38 DONE  adv=0.9619  win_rate=100%  ETA=4 days, 20:04:04
2026-04-07 00:49:12  [41/1700] n=100 β=30 seed=41 DONE  adv=1.1381  win_rate=100%  ETA=4 days, 17:40:23
2026-04-07 00:49:14  [42/1700] n=100 β=30 seed=43 DONE  adv=1.1010  win_rate=100%  ETA=4 days, 14:55:30
2026-04-07 00:49:29  [43/1700] n=100 β=30 seed=42 DONE  adv=1.4005  win_rate=100%  ETA=4 days, 12:26:30
2026-04-07 00:50:26  [44/1700] n=100 β=30 seed=44 DONE  adv=1.5911  win_rate=100%  ETA=4 days, 10:30:36
2026-04-07 02:06:22  [45/1700] n=100 β=30 seed=45 DONE  adv=1.5991  win_rate=100%  ETA=6 days, 6:37:35
2026-04-07 02:06:48  [46/1700] n=100 β=30 seed=50 DONE  adv=1.5334  win_rate=100%  ETA=6 days, 3:31:19
2026-04-07 02:08:31  [47/1700] n=100 β=30 seed=49 DONE  adv=1.6283  win_rate=100%  ETA=6 days, 1:18:01
2026-04-07 02:08:45  [48/1700] n=100 β=30 seed=48 DONE  adv=1.4091  win_rate=100%  ETA=5 days, 22:19:09
2026-04-07 02:08:51  [49/1700] n=100 β=30 seed=52 DONE  adv=1.5220  win_rate=100%  ETA=5 days, 19:23:16
2026-04-07 02:08:55  [50/1700] n=100 β=30 seed=46 DONE  adv=1.4501  win_rate=100%  ETA=5 days, 16:33:03
2026-04-07 02:09:14  [51/1700] n=100 β=30 seed=53 DONE  adv=1.3370  win_rate=100%  ETA=5 days, 13:57:46
2026-04-07 02:09:43  [52/1700] n=100 β=30 seed=47 DONE  adv=1.6829  win_rate=100%  ETA=5 days, 11:34:01
2026-04-07 02:09:45  [53/1700] n=100 β=30 seed=56 DONE  adv=1.0779  win_rate=100%  ETA=5 days, 9:01:01
2026-04-07 02:10:22  [54/1700] n=100 β=30 seed=51 DONE  adv=1.7605  win_rate=100%  ETA=5 days, 6:52:18
2026-04-07 02:10:32  [55/1700] n=100 β=30 seed=60 DONE  adv=1.2381  win_rate=100%  ETA=5 days, 4:34:05
2026-04-07 02:10:37  [56/1700] n=100 β=30 seed=57 DONE  adv=1.4640  win_rate=100%  ETA=5 days, 2:18:26
2026-04-07 02:10:56  [57/1700] n=100 β=30 seed=54 DONE  adv=1.0241  win_rate=100%  ETA=5 days, 0:14:45
2026-04-07 02:11:11  [58/1700] n=100 β=30 seed=59 DONE  adv=1.5731  win_rate=100%  ETA=4 days, 22:13:13
2026-04-07 02:11:27  [59/1700] n=100 β=30 seed=64 DONE  adv=1.6254  win_rate=100%  ETA=4 days, 20:16:09
2026-04-07 02:11:57  [60/1700] n=100 β=30 seed=62 DONE  adv=1.8007  win_rate=100%  ETA=4 days, 18:29:10
2026-04-07 02:11:58  [61/1700] n=100 β=30 seed=58 DONE  adv=1.6740  win_rate=100%  ETA=4 days, 16:32:57
2026-04-07 02:12:26  [62/1700] n=100 β=30 seed=55 DONE  adv=1.0845  win_rate=100%  ETA=4 days, 14:52:07
2026-04-07 02:12:27  [63/1700] n=100 β=30 seed=61 DONE  adv=1.1910  win_rate=100%  ETA=4 days, 13:02:55
2026-04-07 02:12:49  [64/1700] n=100 β=30 seed=63 DONE  adv=1.1839  win_rate=100%  ETA=4 days, 11:26:12
2026-04-07 02:12:58  [65/1700] n=100 β=30 seed=65 DONE  adv=1.1168  win_rate=100%  ETA=4 days, 9:47:00
2026-04-07 02:14:11  [66/1700] n=100 β=30 seed=66 DONE  adv=1.3820  win_rate=100%  ETA=4 days, 8:37:04
2026-04-07 03:28:59  [67/1700] n=100 β=30 seed=67 DONE  adv=1.5600  win_rate=100%  ETA=5 days, 13:22:56
2026-04-07 03:30:14  [68/1700] n=100 β=30 seed=71 DONE  adv=1.5535  win_rate=100%  ETA=5 days, 11:50:05
2026-04-07 03:30:49  [69/1700] n=100 β=30 seed=68 DONE  adv=1.2121  win_rate=100%  ETA=5 days, 10:04:33
2026-04-07 03:31:09  [70/1700] n=100 β=30 seed=72 DONE  adv=1.3504  win_rate=100%  ETA=5 days, 8:16:10
2026-04-07 03:31:41  [71/1700] n=100 β=30 seed=69 DONE  adv=0.8823  win_rate=100%  ETA=5 days, 6:35:22
2026-04-07 03:31:52  [72/1700] n=100 β=30 seed=73 DONE  adv=1.5104  win_rate=100%  ETA=5 days, 4:49:33
2026-04-07 03:32:23  [73/1700] n=100 β=30 seed=70 DONE  adv=1.3722  win_rate=100%  ETA=5 days, 3:13:47
2026-04-07 03:32:45  [74/1700] n=100 β=30 seed=74 DONE  adv=1.5355  win_rate=100%  ETA=5 days, 1:37:23
2026-04-07 03:33:01  [75/1700] n=100 β=30 seed=79 DONE  adv=1.0132  win_rate=100%  ETA=5 days, 0:01:26
2026-04-07 03:33:37  [76/1700] n=100 β=30 seed=76 DONE  adv=1.2129  win_rate=100%  ETA=4 days, 22:35:22
2026-04-07 03:33:49  [77/1700] n=100 β=30 seed=77 DONE  adv=1.4329  win_rate=100%  ETA=4 days, 21:02:50
2026-04-07 03:34:05  [78/1700] n=100 β=30 seed=80 DONE  adv=1.3655  win_rate=100%  ETA=4 days, 19:33:53
2026-04-07 03:34:06  [79/1700] n=100 β=30 seed=78 DONE  adv=1.0978  win_rate=100%  ETA=4 days, 18:02:13
2026-04-07 03:34:15  [80/1700] n=100 β=30 seed=75 DONE  adv=0.9246  win_rate=100%  ETA=4 days, 16:35:40
2026-04-07 03:34:17  [81/1700] n=100 β=30 seed=81 DONE  adv=1.4529  win_rate=100%  ETA=4 days, 15:08:52
2026-04-07 03:34:20  [82/1700] n=100 β=30 seed=83 DONE  adv=1.2948  win_rate=100%  ETA=4 days, 13:44:30
2026-04-07 03:35:36  [83/1700] n=100 β=30 seed=82 DONE  adv=1.0897  win_rate=100%  ETA=4 days, 12:45:46
2026-04-07 03:35:52  [84/1700] n=100 β=30 seed=85 DONE  adv=1.5813  win_rate=100%  ETA=4 days, 11:29:04
2026-04-07 03:36:10  [85/1700] n=100 β=30 seed=84 DONE  adv=1.2520  win_rate=100%  ETA=4 days, 10:15:02
2026-04-07 03:36:48  [86/1700] n=100 β=30 seed=88 DONE  adv=1.2537  win_rate=100%  ETA=4 days, 9:08:56
2026-04-07 03:36:53  [87/1700] n=100 β=30 seed=87 DONE  adv=1.0700  win_rate=100%  ETA=4 days, 7:53:59
2026-04-07 03:37:16  [88/1700] n=100 β=30 seed=86 DONE  adv=1.2388  win_rate=100%  ETA=4 days, 6:46:33
2026-04-07 04:52:27  [89/1700] n=100 β=30 seed=89 DONE  adv=1.1308  win_rate=100%  ETA=5 days, 4:14:12
2026-04-07 04:52:57  [90/1700] n=100 β=30 seed=90 DONE  adv=1.3336  win_rate=100%  ETA=5 days, 2:55:40
2026-04-07 04:53:45  [91/1700] n=100 β=30 seed=94 DONE  adv=1.5763  win_rate=100%  ETA=5 days, 1:44:23
2026-04-07 04:54:06  [92/1700] n=100 β=30 seed=91 DONE  adv=1.1449  win_rate=100%  ETA=5 days, 0:26:43
2026-04-07 04:54:32  [93/1700] n=100 β=30 seed=95 DONE  adv=1.5038  win_rate=100%  ETA=4 days, 23:11:53
2026-04-07 04:54:53  [94/1700] n=100 β=30 seed=93 DONE  adv=1.4974  win_rate=100%  ETA=4 days, 21:57:17
2026-04-07 04:54:54  [95/1700] n=100 β=30 seed=92 DONE  adv=1.2562  win_rate=100%  ETA=4 days, 20:38:46
2026-04-07 04:55:52  [96/1700] n=100 β=30 seed=96 DONE  adv=1.4130  win_rate=100%  ETA=4 days, 19:37:41
2026-04-07 04:56:11  [97/1700] n=100 β=30 seed=97 DONE  adv=1.6182  win_rate=100%  ETA=4 days, 18:27:06
2026-04-07 04:57:14  [98/1700] n=100 β=30 seed=98 DONE  adv=1.1031  win_rate=100%  ETA=4 days, 17:30:02
2026-04-07 04:57:39  [99/1700] n=100 β=30 seed=100 DONE  adv=1.7572  win_rate=100%  ETA=4 days, 16:23:54
2026-04-07 04:57:57  [100/1700] n=100 β=30 seed=99 DONE  adv=1.6219  win_rate=100%  ETA=4 days, 15:17:04
